key,name,pos,team,bye,std,half_ppr,ppr,rush_yds,kick_50,kick_30_39,pass_ints,reception_yds,df_ints,kick_0_19,df_safeties,fumbles,pass_yds,df_tds,pass_tds,reception_tds,kick_40_49,rush_tds,receptions,df_sacks,df_points_allowed_per_game,kick_extra_points,df_fumbles,kick_20_29,two_pts
gibbs_RB_DET,Jahmyr Gibbs,RB,DET,6.0,1,1,1,95.2,,,,38.2,,,,0.1,,,,0.2,,1.0,4.7,,,,,,
robinson_RB_ATL,Bijan Robinson,RB,ATL,11.0,806,3,2,87.8,,,,38.8,,,,0.1,,,,0.2,,0.8,4.2,,,,,,
chase_WR_CIN,Ja'Marr Chase,WR,CIN,6.0,4,4,3,0.8,,,,86.4,,,,0.0,,,,0.8,,0.0,7.6,,,,,,
smithnjigba_WR_SEA,Jaxon Smith-Njigba,WR,SEA,11.0,8,56,4,1.8,,,,98.0,,,,0.0,,,,1.0,,0.0,6.8,,,,,,
brown_WR_DET,Amon-Ra St. Brown,WR,DET,6.0,9,57,5,0.6,,,,82.8,,,,0.0,,,,0.9,,0.0,7.0,,,,,,
taylor_RB_IND,Jonathan Taylor,RB,IND,13.0,2,6,6,93.0,,,,23.8,,,,0.1,,,,0.0,,1.0,2.8,,,,,,
lamb_WR_DAL,CeeDee Lamb,WR,DAL,14.0,12,8,7,1.0,,,,76.5,,,,0.0,,,,0.2,,0.0,5.6,,,,,,
henry_RB_BAL,Derrick Henry,RB,BAL,13.0,6,55,8,98.8,,,,12.2,,,,0.1,,,,0.0,,1.1,1.1,,,,,,
cook_RB_BUF,James Cook III,RB,BUF,7.0,7,7,9,91.8,,,,14.6,,,,0.2,,,,0.0,,0.8,1.9,,,,,,
jeanty_RB_LV,Ashton Jeanty,RB,LV,13.0,20,14,10,60.4,,,,29.7,,,,0.1,,,,0.2,,0.7,4.5,,,,,,
hampton_RB_LAC,Omarion Hampton,RB,LAC,7.0,17,16,11,52.4,,,,10.4,,,,0.3,,,,0.1,,0.5,1.9,,,,,,
walker_RB_KC,Kenneth Walker,RB,KC,5.0,16,15,12,81.6,,,,26.3,,,,0.1,,,,0.1,,0.8,3.2,,,,,,
allen_QB_BUF,Josh Allen,QB,BUF,7.0,27,19,13,35.1,,,0.8,,,,,0.3,230.0,,1.8,,,0.8,,,,,,,
love_RB_ARI,Jeremiyah Love,RB,ARI,14.0,29,65,14,71.5,,,,22.0,,,,0.2,,,,0.1,,0.2,3.2,,,,,,
williams_RB_DAL,Javonte Williams,RB,DAL,14.0,18,17,15,64.0,,,,13.6,,,,0.1,,,,0.0,,0.8,2.6,,,,,,
mcbride_TE_ARI,Trey McBride,TE,ARI,14.0,54,28,16,0.0,,,,69.8,,,,0.0,,,,0.8,,0.0,7.6,,,,,,
williams_RB_LAR,Kyren Williams,RB,LAR,11.0,21,60,17,63.7,,,,16.6,,,,0.2,,,,0.1,,0.2,2.1,,,,,,
swift_RB_CHI,D'Andre Swift,RB,CHI,10.0,35,25,18,64.8,,,,19.4,,,,0.1,,,,0.0,,0.4,2.0,,,,,,
moore_WR_BUF,DJ Moore,WR,BUF,7.0,43,27,19,2.7,,,,53.3,,,,0.0,,,,0.2,,0.0,3.9,,,,,,
watson_WR_GB,Christian Watson,WR,GB,11.0,37,69,20,0.8,,,,72.6,,,,0.0,,,,0.4,,0.0,5.0,,,,,,
waddle_WR_DEN,Jaylen Waddle,WR,DEN,10.0,39,26,21,1.7,,,,57.2,,,,0.0,,,,0.1,,0.0,4.7,,,,,,
evans_WR_SF,Mike Evans,WR,SF,8.0,51,78,22,0.0,,,,48.8,,,,0.0,,,,0.2,,0.0,3.6,,,,,,
montgomery_RB_HOU,David Montgomery,RB,HOU,8.0,44,30,23,60.3,,,,14.2,,,,0.1,,,,0.0,,0.8,2.0,,,,,,
washington_WR_JAX,Parker Washington,WR,JAX,7.0,55,32,24,0.6,,,,72.0,,,,0.0,,,,0.4,,0.0,4.8,,,,,,
price_RB_SEA,Jadarian Price,RB,SEA,11.0,53,33,25,55.7,,,,14.6,,,,0.3,,,,0.1,,0.3,1.4,,,,,,
henderson_RB_NE,TreVeyon Henderson,RB,NE,11.0,57,80,26,51.1,,,,9.7,,,,0.0,,,,0.1,,0.4,1.6,,,,,,
hubbard_RB_CAR,Chuba Hubbard,RB,CAR,5.0,73,91,27,69.5,,,,20.0,,,,0.1,,,,0.2,,0.8,2.8,,,,,,
williams_QB_CHI,Caleb Williams,QB,CHI,10.0,82,97,28,1.3,,,0.0,,,,,0.0,8.9,,0.1,,,0.0,,,,,,,
seahawks_DST_SEA,Seahawks,DST,SEA,11.0,855,855,29,,,,,,1.0,,0.0,0.4,,0.1,,,,,,3.6,8.9,,0.4,,
thomas_WR_JAX,Brian Thomas Jr.,WR,JAX,7.0,62,84,30,1.2,,,,45.3,,,,0.0,,,,0.2,,0.0,3.2,,,,,,
diggs_WR_WSH,Stefon Diggs,WR,WSH,7.0,83,98,31,0.0,,,,51.0,,,,0.0,,,,0.2,,0.0,4.6,,,,,,
coker_WR_CAR,Jalen Coker,WR,CAR,5.0,258,262,32,0.0,,,,48.4,,,,0.0,,,,0.2,,0.0,4.0,,,,,,
mahomes_QB_KC,Patrick Mahomes,QB,KC,5.0,95,42,34,21.0,,,0.8,,,,,0.0,248.0,,2.0,,,0.2,,,,,,,
samuel_WR_SF,Deebo Samuel Sr.,WR,SF,8.0,835,835,35,7.8,,,,43.8,,,,0.0,,,,0.3,,0.0,3.8,,,,,,
shough_QB_NO,Tyler Shough,QB,NO,8.0,867,867,36,20.0,,,1.0,,,,,0.3,247.0,,1.9,,,0.2,,,,,,,
likely_TE_NYG,Isaiah Likely,TE,NYG,8.0,117,122,37,0.0,,,,48.0,,,,0.1,,,,0.3,,0.0,4.4,,,,,,
aubrey_K_DAL,Brandon Aubrey,K,DAL,14.0,97,52,38,,0.3,0.5,,,,0.0,,,,,,,0.5,,,,,2.2,,0.6,
kincaid_TE_BUF,Dalton Kincaid,TE,BUF,7.0,113,118,39,,,,,58.0,,,,0.1,,,,0.4,,,4.1,,,,,,
corum_RB_LAR,Blake Corum,RB,LAR,11.0,87,51,40,41.8,,,,4.3,,,,0.0,,,,0.0,,0.1,0.6,,,,,,
nacua_WR_LAR,Puka Nacua,WR,LAR,11.0,3,2,41,4.4,,,,70.6,,,,0.0,,,,0.1,,0.0,5.2,,,,,,
mccaffrey_RB_SF,Christian McCaffrey,RB,SF,8.0,5,5,42,62.8,,,,38.8,,,,0.1,,,,0.1,,0.8,4.6,,,,,,
brown_RB_CIN,Chase Brown,RB,CIN,6.0,15,9,43,63.0,,,,23.8,,,,0.1,,,,0.1,,0.3,4.2,,,,,,
jefferson_WR_MIN,Justin Jefferson,WR,MIN,6.0,13,10,44,0.6,,,,78.1,,,,0.0,,,,0.8,,0.0,5.7,,,,,,
barkley_RB_PHI,Saquon Barkley,RB,PHI,10.0,11,12,46,75.0,,,,17.1,,,,0.1,,,,0.0,,0.2,2.0,,,,,,
collins_WR_HOU,Nico Collins,WR,HOU,8.0,261,13,47,1.3,,,,64.8,,,,0.0,,,,0.8,,0.0,4.4,,,,,,
smith_WR_PHI,DeVonta Smith,WR,PHI,10.0,31,18,48,0.0,,,,64.5,,,,0.0,,,,0.2,,0.0,5.4,,,,,,
nabers_WR_NYG,Malik Nabers,WR,NYG,8.0,32,20,49,0.0,,,,58.4,,,,0.0,,,,0.2,,0.0,4.2,,,,,,
egbuka_WR_TB,Emeka Egbuka,WR,TB,10.0,28,21,50,0.4,,,,56.1,,,,0.0,,,,0.2,,0.0,3.6,,,,,,
bowers_TE_LV,Brock Bowers,TE,LV,13.0,46,22,51,1.0,,,,63.4,,,,0.0,,,,0.3,,0.0,6.6,,,,,,
adams_WR_LAR,Davante Adams,WR,LAR,11.0,25,23,52,0.0,,,,69.0,,,,0.0,,,,0.2,,0.0,4.6,,,,,,
mcconkey_WR_LAC,Ladd McConkey,WR,LAC,7.0,36,24,53,0.0,,,,52.8,,,,0.0,,,,0.2,,0.0,4.6,,,,,,
odunze_WR_CHI,Rome Odunze,WR,CHI,10.0,38,29,54,0.2,,,,52.2,,,,0.0,,,,0.3,,0.0,3.3,,,,,,
stevenson_RB_NE,Rhamondre Stevenson,RB,NE,11.0,56,31,55,45.1,,,,21.1,,,,0.2,,,,0.0,,0.2,2.7,,,,,,
loveland_TE_CHI,Colston Loveland,TE,CHI,10.0,64,34,56,,,,,43.0,,,,0.0,,,,0.4,,,3.6,,,,,,
warren_TE_IND,Tyler Warren,TE,IND,13.0,75,35,57,1.0,,,,52.4,,,,0.0,,,,0.4,,0.0,5.0,,,,,,
hurts_QB_PHI,Jalen Hurts,QB,PHI,10.0,61,36,58,26.7,,,0.7,,,,,0.2,204.0,,1.2,,,0.2,,,,,,,
godwin_WR_TB,Chris Godwin Jr.,WR,TB,10.0,70,37,59,2.0,,,,42.0,,,,0.0,,,,0.2,,0.0,4.0,,,,,,
wilson_WR_ARI,Michael Wilson,WR,ARI,14.0,65,38,60,0.0,,,,61.1,,,,0.0,,,,0.2,,0.0,5.1,,,,,,
kraft_TE_GB,Tucker Kraft,TE,GB,11.0,580,40,62,,,,,46.7,,,,0.0,,,,0.4,,,3.9,,,,,,
rams_DST_LAR,Rams,DST,LAR,11.0,84,41,63,,,,,,0.4,,0.0,0.5,,0.1,,,,,,2.7,21.5,,0.5,,
texans_DST_HOU,Texans,DST,HOU,8.0,81,43,64,,,,,,0.9,,0.1,0.9,,0.1,,,,,,2.4,11.9,,0.9,,
concepcion_WR_CLE,KC Concepcion Jr.,WR,CLE,11.0,93,45,66,1.1,,,,35.9,,,,0.2,,,,0.1,,0.0,3.3,,,,,,
herbert_QB_LAC,Justin Herbert,QB,LAC,7.0,88,46,67,21.8,,,1.0,,,,,0.1,203.0,,1.0,,,0.0,,,,,,,
lloyd_RB_GB,MarShawn Lloyd,RB,GB,11.0,91,47,68,40.8,,,,7.0,,,,0.3,,,,0.1,,0.2,0.9,,,,,,
love_QB_GB,Jordan Love,QB,GB,11.0,613,49,70,8.0,,,0.8,,,,,0.2,252.0,,1.4,,,0.0,,,,,,,
kelce_TE_KC,Travis Kelce,TE,KC,5.0,110,50,71,0.0,,,,52.4,,,,0.0,,,,0.2,,0.0,4.8,,,,,,
marks_RB_HOU,Woody Marks,RB,HOU,8.0,107,53,72,31.7,,,,11.8,,,,0.0,,,,0.1,,0.1,1.8,,,,,,
butker_K_KC,Harrison Butker,K,KC,5.0,228,54,73,,0.1,0.7,,,,0.0,,,,,,,0.8,,,,,2.8,,0.7,
flowers_WR_BAL,Zay Flowers,WR,BAL,13.0,19,59,75,4.2,,,,81.4,,,,0.1,,,,0.3,,0.0,5.2,,,,,,
olave_WR_NO,Chris Olave,WR,NO,8.0,22,61,76,0.0,,,,87.9,,,,0.0,,,,0.8,,0.0,6.7,,,,,,
higgins_WR_CIN,Tee Higgins,WR,CIN,6.0,24,63,78,0.0,,,,66.6,,,,0.0,,,,0.3,,0.0,4.8,,,,,,
mcmillan_WR_CAR,Tetairoa McMillan,WR,CAR,5.0,30,66,80,0.0,,,,69.4,,,,0.2,,,,0.7,,0.0,4.3,,,,,,
skattebo_RB_NYG,Cam Skattebo,RB,NYG,8.0,33,67,81,69.6,,,,22.8,,,,0.1,,,,0.1,,0.8,2.4,,,,,,
wilson_WR_NYJ,Garrett Wilson,WR,NYJ,13.0,34,68,82,0.6,,,,73.4,,,,0.0,,,,0.3,,0.0,6.1,,,,,,
mclaurin_WR_WSH,Terry McLaurin,WR,WSH,7.0,40,70,83,0.0,,,,63.0,,,,0.0,,,,0.3,,0.0,3.9,,,,,,
maye_QB_NE,Drake Maye,QB,NE,11.0,41,71,84,32.4,,,1.0,,,,,0.3,231.0,,1.2,,,0.0,,,,,,,
judkins_RB_CLE,Quinshon Judkins,RB,CLE,11.0,42,72,85,56.7,,,,16.2,,,,0.1,,,,0.0,,0.2,2.2,,,,,,
irving_RB_TB,Bucky Irving,RB,TB,10.0,45,73,86,72.2,,,,19.8,,,,0.2,,,,0.0,,0.7,2.9,,,,,,
burrow_QB_CIN,Joe Burrow,QB,CIN,6.0,47,74,87,11.0,,,1.0,,,,,0.1,259.0,,2.0,,,0.0,,,,,,,
tuten_RB_JAX,Bhayshul Tuten,RB,JAX,7.0,48,75,88,71.8,,,,12.0,,,,0.1,,,,0.0,,0.4,1.8,,,,,,
metcalf_WR_PIT,DK Metcalf,WR,PIT,9.0,50,77,90,0.5,,,,45.1,,,,0.0,,,,0.3,,0.1,3.5,,,,,,
burden_WR_CHI,Luther Burden III,WR,CHI,10.0,52,79,91,2.2,,,,55.5,,,,0.1,,,,0.2,,0.0,4.5,,,,,,
sutton_WR_DEN,Courtland Sutton,WR,DEN,10.0,58,81,92,0.0,,,,43.9,,,,0.0,,,,0.3,,0.0,3.8,,,,,,
harrison_WR_ARI,Marvin Harrison Jr.,WR,ARI,14.0,59,82,93,0.0,,,,46.2,,,,0.0,,,,0.3,,0.0,3.1,,,,,,
pollard_RB_TEN,Tony Pollard,RB,TEN,9.0,60,83,94,61.4,,,,11.4,,,,0.1,,,,0.0,,0.2,2.1,,,,,,
stafford_QB_LAR,Matthew Stafford,QB,LAR,11.0,63,85,95,2.6,,,0.8,,,,,0.1,242.0,,1.8,,,0.0,,,,,,,
tate_WR_TEN,Carnell Tate,WR,TEN,9.0,66,86,96,0.2,,,,53.5,,,,0.1,,,,0.1,,0.0,3.9,,,,,,
johnston_WR_LAC,Quentin Johnston,WR,LAC,7.0,67,87,97,1.0,,,,39.0,,,,0.0,,,,0.2,,0.0,3.0,,,,,,
addison_WR_MIN,Jordan Addison,WR,MIN,6.0,69,88,98,2.4,,,,51.8,,,,0.0,,,,0.2,,0.0,3.7,,,,,,
worthy_WR_KC,Xavier Worthy,WR,KC,5.0,71,89,99,7.2,,,,33.4,,,,0.0,,,,0.2,,0.1,3.2,,,,,,
golden_WR_GB,Matthew Golden,WR,GB,11.0,72,90,100,1.9,,,,61.4,,,,0.0,,,,0.1,,0.0,4.6,,,,,,
laporta_TE_DET,Sam LaPorta,TE,DET,6.0,74,92,101,0.0,,,,47.2,,,,0.0,,,,0.2,,0.0,4.2,,,,,,
croskeymerritt_RB_WSH,Jacory Croskey-Merritt,RB,WSH,7.0,76,93,102,58.4,,,,4.4,,,,0.1,,,,0.0,,0.7,0.8,,,,,,
pittman_WR_PIT,Michael Pittman Jr.,WR,PIT,9.0,77,94,103,0.0,,,,30.8,,,,0.0,,,,0.2,,0.0,3.4,,,,,,
lawrence_QB_JAX,Trevor Lawrence,QB,JAX,7.0,79,95,104,19.8,,,1.0,,,,,0.1,242.0,,2.0,,,0.2,,,,,,,
goff_QB_DET,Jared Goff,QB,DET,6.0,80,96,105,3.2,,,0.8,,,,,0.2,251.0,,2.0,,,0.0,,,,,,,
downs_WR_IND,Josh Downs,WR,IND,13.0,85,99,106,0.6,,,,65.0,,,,0.0,,,,0.2,,0.0,5.0,,,,,,
shaheed_WR_SEA,Rashid Shaheed,WR,SEA,11.0,86,100,107,3.9,,,,37.1,,,,0.0,,,,0.1,,0.0,2.2,,,,,,
nix_QB_DEN,Bo Nix,QB,DEN,10.0,90,102,108,16.4,,,0.8,,,,,0.1,213.0,,1.2,,,0.1,,,,,,,
jones_RB_MIN,Aaron Jones Sr.,RB,MIN,6.0,92,103,109,76.4,,,,20.0,,,,0.1,,,,0.0,,0.8,2.4,,,,,,
lemon_WR_PHI,Makai Lemon,WR,PHI,10.0,94,104,110,0.2,,,,27.7,,,,0.1,,,,0.2,,0.0,2.4,,,,,,
white_RB_WSH,Rachaad White,RB,WSH,7.0,98,105,111,29.2,,,,13.0,,,,0.0,,,,0.0,,0.1,1.8,,,,,,
pitts_TE_ATL,Kyle Pitts Sr.,TE,ATL,11.0,99,106,112,0.0,,,,37.0,,,,0.0,,,,0.2,,0.0,3.2,,,,,,
jeudy_WR_CLE,Jerry Jeudy,WR,CLE,11.0,100,107,113,0.1,,,,28.8,,,,0.0,,,,0.0,,0.0,2.3,,,,,,
mcmillan_WR_TB,Jalen McMillan,WR,TB,10.0,101,108,114,1.6,,,,20.8,,,,0.0,,,,0.1,,0.0,1.6,,,,,,
gainwell_RB_TB,Kenny Gainwell,RB,TB,10.0,102,109,115,23.4,,,,20.1,,,,0.1,,,,0.0,,0.1,3.1,,,,,,
ridley_WR_TEN,Calvin Ridley,WR,TEN,9.0,105,112,118,1.1,,,,29.8,,,,0.0,,,,0.1,,0.0,1.8,,,,,,
bateman_WR_BAL,Rashod Bateman,WR,BAL,13.0,106,113,119,0.0,,,,35.4,,,,0.0,,,,0.2,,0.0,2.1,,,,,,
boutte_WR_HOU,Kayshon Boutte,WR,HOU,8.0,108,114,120,0.0,,,,28.0,,,,0.0,,,,0.2,,0.0,2.0,,,,,,
murray_QB_MIN,Kyler Murray,QB,MIN,6.0,111,116,122,27.0,,,0.9,,,,,0.2,223.0,,2.0,,,0.2,,,,,,,
washington_RB_LV,Mike Washington Jr.,RB,LV,13.0,112,117,123,32.0,,,,10.1,,,,0.1,,,,0.1,,0.4,1.3,,,,,,
allen_WR_IND,Keenan Allen,WR,IND,13.0,114,119,124,0.0,,,,46.4,,,,0.0,,,,0.2,,0.0,4.4,,,,,,
kupp_WR_SEA,Cooper Kupp,WR,SEA,11.0,115,120,125,0.1,,,,37.1,,,,0.0,,,,0.2,,0.0,2.9,,,,,,
bills_DST_BUF,Bills,DST,BUF,7.0,116,121,126,,,,,,0.9,,0.0,0.8,,0.2,,,,,,3.5,19.4,,0.8,,
steelers_DST_PIT,Steelers,DST,PIT,9.0,118,123,127,,,,,,1.2,,0.0,1.0,,0.1,,,,,,3.4,8.4,,1.0,,
abdullah_RB_JAX,Ameer Abdullah,RB,JAX,,121,126,130,4.4,,,,2.6,,,,0.0,,,,0.0,,0.0,0.7,,,,,,
adkins_TE_DEN,Nate Adkins,TE,DEN,,122,127,131,0.0,,,,7.2,,,,0.0,,,,0.2,,0.0,1.0,,,,,,
ali_RB_BAL,Rasheen Ali,RB,BAL,,126,131,135,1.9,,,,2.7,,,,0.0,,,,0.1,,0.0,0.3,,,,,,
aliecox_TE_IND,Mo Alie-Cox,TE,IND,,127,132,136,0.0,,,,2.0,,,,,,,,0.0,,0.0,0.0,,,,,,
all_TE_CIN,Erick All,TE,CIN,,128,133,137,,,,,16.3,,,,0.0,,,,0.1,,,2.1,,,,,,
allen_RB_JAX,LeQuint Allen,RB,JAX,,132,137,141,14.0,,,,3.3,,,,0.0,,,,0.0,,0.0,0.6,,,,,,
allen_RB_NYJ,Braelon Allen,RB,NYJ,,133,138,142,59.0,,,,10.4,,,,0.2,,,,0.0,,0.7,1.8,,,,,,
allen_RB_WSH,Kaytron Allen,RB,WSH,,134,139,143,9.2,,,,1.1,,,,0.0,,,,0.0,,0.1,0.1,,,,,,
allen_TE_LAR,Davis Allen,TE,LAR,,135,140,144,0.0,,,,10.0,,,,0.0,,,,0.0,,0.0,1.2,,,,,,
allgeier_RB_ARI,Tyler Allgeier,RB,ARI,,138,143,147,30.9,,,,11.3,,,,0.0,,,,0.0,,0.2,1.8,,,,,,
andrews_TE_BAL,Mark Andrews,TE,BAL,,140,145,149,,,,,35.6,,,,0.0,,,,0.5,,,3.7,,,,,,
arroyo_TE_SEA,Elijah Arroyo,TE,SEA,,142,147,151,0.0,,,,6.3,,,,0.0,,,,0.0,,0.0,0.8,,,,,,
ayomanor_WR_TEN,Elic Ayomanor,WR,TEN,,146,151,155,0.0,,,,33.9,,,,0.0,,,,0.3,,0.0,2.2,,,,,,
badie_RB_DEN,Tyler Badie,RB,DEN,,149,154,158,2.8,,,,4.4,,,,0.0,,,,0.0,,0.0,0.6,,,,,,
bagent_QB_CHI,Tyson Bagent,QB,CHI,,150,155,159,8.6,,,0.5,,,,,0.0,118.0,,0.5,,,0.0,,,,,,,
barner_TE_SEA,AJ Barner,TE,SEA,,152,157,161,1.0,,,,30.0,,,,0.0,,,,0.1,,0.0,2.8,,,,,,
bass_K_BUF,Tyler Bass,K,BUF,,154,159,163,,0.0,0.5,,,,0.0,,,,,,,0.2,,,,,2.8,,0.4,
bates_K_DET,Jake Bates,K,DET,,155,160,164,,0.1,0.6,,,,0.0,,,,,,,0.7,,,,,3.0,,0.3,
bates_TE_WSH,John Bates,TE,WSH,,157,162,166,0.0,,,,9.3,,,,0.0,,,,0.0,,0.0,1.2,,,,,,
bears_DST_CHI,Bears,DST,CHI,,159,164,168,,,,,,0.9,,0.0,0.9,,0.2,,,,,,3.5,19.0,,0.9,,
beck_RB_NYJ,Andrew Beck,RB,NYJ,,162,167,171,0.5,,,,2.1,,,,0.0,,,,0.1,,0.0,0.2,,,,,,
beckham_WR_NYG,Odell Beckham Jr.,WR,NYG,,163,168,172,0.0,,,,5.0,,,,,,,,0.0,,0.0,0.0,,,,,,
bell_WR_MIA,Chris Bell,WR,MIA,,166,171,175,0.4,,,,29.2,,,,0.1,,,,0.1,,0.0,2.3,,,,,,
bellinger_TE_TEN,Daniel Bellinger,TE,TEN,,170,175,179,,,,,17.3,,,,0.0,,,,0.1,,,1.5,,,,,,
bengals_DST_CIN,Bengals,DST,CIN,,171,176,180,,,,,,1.0,,0.0,0.4,,0.1,,,,,,2.4,14.3,,0.4,,
bennett_QB_LAR,Stetson Bennett,QB,LAR,,172,177,181,1.2,,,0.0,,,,,0.0,8.2,,0.0,,,0.0,,,,,,,
benson_WR_LV,Malik Benson,WR,LV,,174,179,183,1.0,,,,15.0,,,,,,,,0.0,,0.0,1.0,,,,,,
bentley_TE_DEN,Dallen Bentley,TE,DEN,,176,181,185,,,,,5.7,,,,0.0,,,,0.0,,,0.7,,,,,,
bernard_WR_PIT,Germie Bernard,WR,PIT,,178,183,187,0.2,,,,16.5,,,,0.1,,,,0.0,,0.0,1.6,,,,,,
bigsby_RB_PHI,Tank Bigsby,RB,PHI,,180,185,189,27.5,,,,1.7,,,,0.0,,,,0.0,,0.3,0.3,,,,,,
black_RB_SF,Kaelon Black,RB,SF,,181,186,190,33.0,,,,5.9,,,,0.1,,,,0.0,,0.2,0.6,,,,,,
blair_WR_ATL,Chris Blair,WR,ATL,,183,188,192,0.0,,,,5.0,,,,,,,,0.0,,0.0,0.0,,,,,,
boerkircher_TE_JAX,Nate Boerkircher,TE,JAX,,186,191,195,0.0,,,,9.8,,,,0.0,,,,0.0,,0.0,1.0,,,,,,
bond_WR_CLE,Isaiah Bond,WR,CLE,,187,192,196,1.5,,,,29.9,,,,0.0,,,,0.1,,0.0,1.5,,,,,,
borregales_K_NE,Andres Borregales,K,NE,,189,194,198,,0.2,0.4,,,,0.0,,,,,,,0.3,,,,,2.2,,0.3,
boston_WR_CLE,Denzel Boston,WR,CLE,,190,195,199,0.4,,,,46.8,,,,0.1,,,,0.2,,0.0,3.0,,,,,,
boswell_K_PIT,Chris Boswell,K,PIT,,191,196,200,,0.2,0.4,,,,0.0,,,,,,,0.7,,,,,2.0,,0.3,
bourne_WR_ARI,Kendrick Bourne,WR,ARI,,192,197,201,0.1,,,,33.6,,,,0.0,,,,0.1,,0.0,2.9,,,,,,
briningstool_TE_KC,Jake Briningstool,TE,KC,,201,206,210,0.0,,,,4.0,,,,,,,,0.0,,0.0,0.0,,,,,,
brissett_QB_ARI,Jacoby Brissett,QB,ARI,,202,207,211,14.4,,,0.8,,,,,0.2,236.0,,1.8,,,0.1,,,,,,,
broncos_DST_DEN,Broncos,DST,DEN,,204,209,213,,,,,,0.9,,0.0,0.6,,0.2,,,,,,2.3,22.6,,0.6,,
brooks_RB_GB,Christopher Brooks,RB,GB,,207,212,216,13.4,,,,7.2,,,,0.0,,,,0.0,,0.0,0.9,,,,,,
brooks_RB_HOU,British Brooks,RB,HOU,,208,213,217,6.7,,,,0.0,,,,0.0,,,,0.0,,0.0,0.0,,,,,,
browns_DST_CLE,Browns,DST,CLE,,220,225,229,,,,,,0.7,,0.1,0.5,,0.1,,,,,,2.6,19.8,,0.5,,
bryant_WR_DEN,Pat Bryant,WR,DEN,,222,227,231,1.5,,,,25.6,,,,0.0,,,,0.1,,0.0,2.2,,,,,,
buccaneers_DST_TB,Buccaneers,DST,TB,,223,228,232,,,,,,0.6,,0.0,0.6,,0.1,,,,,,2.4,22.6,,0.6,,
burks_WR_WSH,Treylon Burks,WR,WSH,,225,230,234,0.0,,,,20.0,,,,,,,,0.0,,0.0,1.0,,,,,,
burton_RB_CLE,Michael Burton,RB,CLE,,226,231,235,0.3,,,,1.6,,,,0.0,,,,0.0,,0.1,0.2,,,,,,
cameron_WR_JAX,Josh Cameron,WR,JAX,,232,236,240,0.3,,,,23.7,,,,0.1,,,,0.2,,0.0,1.4,,,,,,
cardinals_DST_ARI,Cardinals,DST,ARI,,236,240,244,,,,,,1.1,,0.0,0.7,,0.2,,,,,,2.8,23.3,,0.7,,
carlson_K_NO,Daniel Carlson,K,NO,,238,242,246,,0.3,0.5,,,,0.0,,,,,,,0.5,,,,,2.2,,0.6,
chargers_DST_LAC,L.A. Chargers,DST,LAC,,247,251,255,,,,,,1.0,,0.0,0.9,,0.1,,,,,,2.3,14.9,,0.9,,
chiefs_DST_KC,Chiefs,DST,KC,,251,255,259,,,,,,0.9,,0.1,0.5,,0.2,,,,,,3.0,20.0,,0.5,,
chism_WR_NE,Efton Chism III,WR,NE,,253,257,261,0.0,,,,7.0,,,,,,,,0.0,,0.0,1.0,,,,,,
claiborne_RB_MIN,Demond Claiborne,RB,MIN,,256,260,264,13.5,,,,4.5,,,,0.0,,,,0.0,,0.2,0.5,,,,,,
coleman_WR_BUF,Keon Coleman,WR,BUF,,259,263,266,0.1,,,,30.1,,,,0.0,,,,0.2,,0.0,2.5,,,,,,
colts_DST_IND,Colts,DST,IND,,263,266,269,,,,,,0.8,,0.0,0.4,,0.1,,,,,,2.0,14.0,,0.4,,
cooper_WR_PHI,Darius Cooper,WR,PHI,,275,278,281,0.2,,,,19.6,,,,0.0,,,,0.2,,0.0,1.7,,,,,,
cousins_QB_LV,Kirk Cousins,QB,LV,,278,281,284,2.2,,,0.9,,,,,0.1,218.0,,1.3,,,0.0,,,,,,,
cowboys_DST_DAL,Cowboys,DST,DAL,,280,283,286,,,,,,0.2,,0.0,0.2,,0.0,,,,,,2.0,16.6,,0.2,,
cuevas_TE_BAL,Josh Cuevas,TE,BAL,,284,287,290,0.0,,,,4.4,,,,0.0,,,,0.0,,0.0,0.3,,,,,,
dallas_RB_MIN,DeeJay Dallas,RB,MIN,,289,292,295,17.8,,,,3.5,,,,0.0,,,,0.0,,0.0,0.6,,,,,,
dalton_QB_PHI,Andy Dalton,QB,PHI,,291,294,297,1.3,,,0.0,,,,,0.1,7.5,,0.1,,,0.0,,,,,,,
daniels_QB_TB,Jalon Daniels,QB,TB,,292,295,298,19.0,,,0.9,,,,,0.2,210.0,,1.2,,,0.0,,,,,,,
daniels_QB_WSH,Jayden Daniels,QB,WSH,,293,296,299,32.0,,,0.4,,,,,0.1,159.0,,1.4,,,0.2,,,,,,,
darnold_QB_SEA,Sam Darnold,QB,SEA,,294,297,300,7.3,,,1.0,,,,,0.3,241.5,,1.9,,,0.0,,,,,,,
davis_RB_BUF,Ray Davis,RB,BUF,,296,299,302,8.0,,,,1.5,,,,0.0,,,,0.0,,0.0,0.0,,,,,,
davis_RB_NYJ,Isaiah Davis,RB,NYJ,,298,301,304,35.1,,,,10.1,,,,0.0,,,,0.0,,0.2,1.0,,,,,,
davis_WR_LAC,Derius Davis,WR,LAC,,302,305,308,1.0,,,,6.0,,,,,,,,0.0,,0.0,1.0,,,,,,
delp_TE_NO,Oscar Delp,TE,NO,,307,310,313,0.0,,,,4.6,,,,0.0,,,,0.0,,0.0,0.4,,,,,,
demercado_RB_DAL,Emari Demercado,RB,DAL,,309,312,315,10.0,,,,1.6,,,,0.0,,,,0.0,,0.0,0.2,,,,,,
devito_QB_NE,Tommy DeVito,QB,NE,,310,313,316,1.3,,,0.0,,,,,0.0,8.8,,0.0,,,0.0,,,,,,,
dicker_K_LAC,Cameron Dicker,K,LAC,,311,314,317,,0.6,0.5,,,,0.0,,,,,,,0.7,,,,,1.4,,0.3,
dike_WR_TEN,Chimere Dike,WR,TEN,,313,316,319,1.0,,,,4.0,,,,,,,,0.0,,0.0,0.0,,,,,,
dillon_RB_CAR,AJ Dillon,RB,CAR,,314,317,320,24.4,,,,5.4,,,,0.2,,,,0.0,,0.0,0.8,,,,,,
dobbins_RB_DEN,J.K. Dobbins,RB,DEN,,319,322,325,60.3,,,,3.2,,,,0.1,,,,0.0,,0.3,0.9,,,,,,
dobbs_QB_DET,Joshua Dobbs,QB,DET,,320,323,326,0.6,,,0.0,,,,,0.0,10.5,,0.1,,,0.0,,,,,,,
dolphins_DST_MIA,Dolphins,DST,MIA,,322,325,328,,,,,,0.9,,0.0,0.4,,0.1,,,,,,2.8,16.1,,0.4,,
donaldson_RB_NO,CJ Donaldson,RB,NO,,323,326,329,16.0,,,,10.6,,,,0.1,,,,0.1,,0.1,1.3,,,,,,
doubs_WR_NE,Romeo Doubs,WR,NE,,329,332,335,0.0,,,,48.7,,,,0.0,,,,0.3,,0.0,3.2,,,,,,
douglas_WR_MIA,Caleb Douglas,WR,MIA,,330,333,336,0.2,,,,38.1,,,,0.1,,,,0.0,,0.0,2.9,,,,,,
douglas_WR_NE,Demario Douglas,WR,NE,,331,334,337,0.8,,,,32.2,,,,0.0,,,,0.2,,0.0,2.6,,,,,,
dowdle_RB_PIT,Rico Dowdle,RB,PIT,,333,336,339,20.4,,,,10.7,,,,0.0,,,,0.1,,0.2,1.5,,,,,,
dulcich_TE_MIA,Greg Dulcich,TE,MIA,,336,339,342,,,,,29.6,,,,0.1,,,,0.1,,,3.0,,,,,,
dulin_WR_IND,Ashton Dulin,WR,IND,,337,340,343,3.3,,,,28.5,,,,0.0,,,,0.1,,0.0,1.1,,,,,,
durham_TE_TB,Payne Durham,TE,TB,,338,341,344,,,,,4.3,,,,0.0,,,,0.1,,,0.5,,,,,,
eagles_DST_PHI,Eagles,DST,PHI,,341,344,347,,,,,,0.8,,0.0,0.8,,0.1,,,,,,1.9,11.1,,0.8,,
ekeler_RB_WSH,Austin Ekeler,RB,WSH,,347,350,353,9.0,,,,4.1,,,,0.0,,,,0.0,,0.1,0.4,,,,,,
elliott_K_PHI,Jake Elliott,K,PHI,,348,351,354,,0.1,0.5,,,,0.0,,,,,,,0.7,,,,,2.2,,0.3,
endries_TE_CIN,Jack Endries,TE,CIN,,349,352,355,,,,,7.3,,,,0.0,,,,0.1,,,0.8,,,,,,
engram_TE_DEN,Evan Engram,TE,DEN,,350,353,356,,,,,25.2,,,,0.0,,,,0.1,,,3.1,,,,,,
ers_DST_SF,49ers,DST,SF,,351,354,357,,,,,,0.6,,0.0,0.6,,0.1,,,,,,1.1,20.1,,0.6,,
ertz_TE_PHI,Zach Ertz,TE,PHI,,352,355,358,0.0,,,,15.2,,,,0.0,,,,0.1,,0.0,1.4,,,,,,
estime_RB_NO,Audric Estime,RB,NO,,356,359,362,6.6,,,,1.5,,,,0.0,,,,0.0,,0.0,0.2,,,,,,
evans_TE_CAR,Mitchell Evans,TE,CAR,,359,362,365,,,,,9.8,,,,0.0,,,,0.1,,,1.0,,,,,,
ewers_QB_JAX,Quinn Ewers,QB,JAX,,361,364,367,1.3,,,0.0,,,,,0.0,9.6,,0.1,,,0.0,,,,,,,
fairbairn_K_HOU,Ka'imi Fairbairn,K,HOU,,364,367,370,,0.5,0.8,,,,0.0,,,,,,,0.8,,,,,3.1,,0.6,
falcons_DST_ATL,Falcons,DST,ATL,,366,369,372,,,,,,0.9,,0.0,0.9,,0.2,,,,,,3.6,24.5,,0.9,,
fannin_TE_CLE,Harold Fannin Jr.,TE,CLE,,367,370,373,1.0,,,,47.5,,,,0.0,,,,0.2,,0.0,4.8,,,,,,
fant_TE_NO,Noah Fant,TE,NO,,370,373,376,0.0,,,,22.4,,,,0.1,,,,0.2,,0.0,2.6,,,,,,
farrell_TE_SF,Luke Farrell,TE,SF,,371,374,377,0.0,,,,7.0,,,,,,,,0.0,,0.0,1.0,,,,,,
felton_WR_MIN,Tai Felton,WR,MIN,,373,376,379,0.0,,,,4.0,,,,,,,,0.0,,0.0,0.0,,,,,,
ferguson_TE_DAL,Jake Ferguson,TE,DAL,,375,378,381,0.0,,,,28.9,,,,0.2,,,,0.2,,0.0,3.7,,,,,,
ferguson_TE_LAR,Terrance Ferguson,TE,LAR,,376,379,382,0.0,,,,29.9,,,,0.0,,,,0.2,,0.0,2.6,,,,,,
fidone_TE_NYG,Thomas Fidone II,TE,NYG,,377,380,383,,,,,5.6,,,,0.0,,,,0.0,,,0.6,,,,,,
fields_QB_KC,Justin Fields,QB,KC,,378,381,384,1.3,,,0.0,,,,,0.0,10.1,,0.1,,,0.0,,,,,,,
fields_WR_NYG,Malachi Fields,WR,NYG,,380,383,386,0.3,,,,33.4,,,,0.0,,,,0.2,,0.0,2.6,,,,,,
fitzgerald_K_CAR,Ryan Fitzgerald,K,CAR,,383,386,389,,0.1,0.6,,,,0.0,,,,,,,0.8,,,,,2.7,,0.3,
flacco_QB_CIN,Joe Flacco,QB,CIN,,385,388,391,0.9,,,0.0,,,,,0.0,10.4,,0.1,,,0.0,,,,,,,
folk_K_ATL,Nick Folk,K,ATL,,389,392,395,,0.2,0.5,,,,0.0,,,,,,,0.8,,,,,2.2,,0.4,
freiermuth_TE_PIT,Pat Freiermuth,TE,PIT,,397,400,403,1.0,,,,31.0,,,,0.0,,,,0.2,,0.0,3.0,,,,,,
gadsden_TE_LAC,Oronde Gadsden II,TE,LAC,,399,402,405,,,,,28.4,,,,0.0,,,,0.2,,,2.4,,,,,,
gay_K_LV,Matt Gay,K,LV,,403,406,409,,0.1,0.4,,,,0.0,,,,,,,0.8,,,,,2.1,,0.4,
gesicki_TE_CIN,Mike Gesicki,TE,CIN,,404,407,410,0.0,,,,33.0,,,,0.0,,,,0.2,,0.0,3.2,,,,,,
giants_DST_NYG,N.Y. Giants,DST,NYG,,405,408,411,,,,,,0.6,,0.0,0.7,,0.2,,,,,,2.4,23.1,,0.7,,
giddens_RB_IND,DJ Giddens,RB,IND,,407,410,413,8.6,,,,0.7,,,,0.0,,,,0.0,,0.0,0.1,,,,,,
goedert_TE_PHI,Dallas Goedert,TE,PHI,,410,413,416,,,,,37.2,,,,0.0,,,,0.6,,,3.6,,,,,,
goodson_RB_DAL,Tyler Goodson,RB,DAL,,412,415,418,14.9,,,,1.7,,,,0.0,,,,0.0,,0.0,0.6,,,,,,
gordon_RB_MIA,Ollie Gordon II,RB,MIA,,414,417,420,21.2,,,,1.9,,,,0.0,,,,0.0,,0.2,0.4,,,,,,
granson_TE_TEN,Kylen Granson,TE,TEN,,421,424,427,,,,,4.9,,,,0.0,,,,0.0,,,0.6,,,,,,
gray_TE_KC,Noah Gray,TE,KC,,423,426,429,,,,,9.9,,,,0.0,,,,0.1,,,1.0,,,,,,
harris_RB_NYG,Najee Harris,RB,NYG,,438,441,444,27.3,,,,4.2,,,,0.0,,,,0.0,,0.2,0.5,,,,,,
harris_WR_LAC,Tre Harris,WR,LAC,,439,442,445,0.2,,,,33.8,,,,0.0,,,,0.0,,0.0,2.8,,,,,,
harvey_RB_DEN,RJ Harvey,RB,DEN,,441,444,447,14.2,,,,20.0,,,,0.0,,,,0.2,,0.2,3.0,,,,,,
hawes_TE_BUF,Jackson Hawes,TE,BUF,,445,448,451,0.0,,,,4.4,,,,0.0,,,,0.0,,0.0,0.3,,,,,,
heidenreich_RB_PIT,Eli Heidenreich,RB,PIT,,447,450,453,7.0,,,,1.2,,,,0.0,,,,0.0,,0.1,0.1,,,,,,
helm_TE_TEN,Gunnar Helm,TE,TEN,,448,451,454,,,,,22.5,,,,0.0,,,,0.2,,,2.9,,,,,,
henry_TE_NE,Hunter Henry,TE,NE,,451,454,457,,,,,41.1,,,,0.0,,,,0.3,,,3.4,,,,,,
herbert_TE_LAC,Patrick Herbert,TE,LAC,,454,457,460,,,,,5.2,,,,0.0,,,,0.0,,,0.6,,,,,,
herman_RB_MIA,DJ Herman,RB,MIA,,455,458,461,0.0,,,,16.2,,,,0.0,,,,0.0,,0.0,1.3,,,,,,
heyward_RB_LV,Connor Heyward,RB,LV,,456,459,462,,,,,6.0,,,,0.0,,,,0.1,,,0.9,,,,,,
hibner_TE_BAL,Matthew Hibner,TE,BAL,,458,461,464,,,,,18.9,,,,0.0,,,,0.3,,,1.6,,,,,,
higbee_TE_LAR,Tyler Higbee,TE,LAR,,460,463,466,0.0,,,,14.8,,,,0.1,,,,0.1,,0.0,1.6,,,,,,
higgins_TE_ARI,Elijah Higgins,TE,ARI,,461,464,467,0.0,,,,10.3,,,,0.0,,,,0.0,,0.0,1.3,,,,,,
hill_RB_BAL,Justice Hill,RB,BAL,,463,466,469,18.8,,,,10.1,,,,0.0,,,,0.1,,0.1,1.2,,,,,,
hockenson_TE_MIN,T.J. Hockenson,TE,MIN,,468,471,474,0.0,,,,34.2,,,,0.0,,,,0.2,,0.0,3.9,,,,,,
holani_RB_SEA,George Holani,RB,SEA,,471,474,477,14.4,,,,9.2,,,,0.0,,,,0.0,,0.0,0.9,,,,,,
hollins_WR_NE,Mack Hollins,WR,NE,,474,477,480,0.1,,,,47.1,,,,0.0,,,,0.2,,0.0,3.5,,,,,,
hooper_TE_ATL,Austin Hooper,TE,ATL,,477,480,483,0.0,,,,15.5,,,,0.0,,,,0.1,,0.0,1.7,,,,,,
howell_QB_DAL,Sam Howell,QB,DAL,,485,488,491,0.7,,,0.0,,,,,0.0,8.6,,0.1,,,0.0,,,,,,,
"hunter_WR, CB_JAX",Travis Hunter,"WR, CB",JAX,,492,495,498,1.0,,,,2.0,,,,,,,,0.0,,0.0,0.0,,,,,,
huntley_QB_BAL,Tyler Huntley,QB,BAL,,494,497,500,1.6,,,0.0,,,,,0.0,9.2,,0.1,,,0.0,,,,,,,
hurst_WR_TB,Ted Hurst,WR,TB,,496,499,502,0.5,,,,25.2,,,,0.0,,,,0.2,,0.0,1.9,,,,,,
hutchinson_WR_HOU,Xavier Hutchinson,WR,HOU,,497,500,503,1.0,,,,39.4,,,,0.0,,,,0.1,,0.0,3.0,,,,,,
ingold_RB_LAC,Alec Ingold,RB,LAC,,499,502,505,0.4,,,,4.0,,,,0.0,,,,0.0,,0.0,0.7,,,,,,
jackson_QB_BAL,Lamar Jackson,QB,BAL,,504,507,510,38.4,,,0.2,,,,,0.3,235.0,,2.2,,,0.1,,,,,,,
jaguars_DST_JAX,Jaguars,DST,JAX,,510,513,516,,,,,,1.0,,0.0,0.4,,0.1,,,,,,2.6,13.8,,0.4,,
jenkins_TE_PHI,E.J. Jenkins,TE,PHI,,514,517,520,0.0,,,,7.9,,,,0.0,,,,0.0,,0.0,1.0,,,,,,
jennings_WR_MIN,Jauan Jennings,WR,MIN,,516,519,522,0.0,,,,29.8,,,,0.0,,,,0.4,,0.0,2.5,,,,,,
jets_DST_NYJ,N.Y. Jets,DST,NYJ,,518,521,524,,,,,,0.7,,0.0,0.8,,0.0,,,,,,1.9,14.6,,0.8,,
johnson_RB_BUF,Ty Johnson,RB,BUF,,522,525,528,11.4,,,,14.8,,,,0.0,,,,0.0,,0.0,1.2,,,,,,
johnson_RB_CHI,Roschon Johnson,RB,CHI,,524,527,530,4.8,,,,0.9,,,,0.0,,,,0.0,,0.1,0.1,,,,,,
johnson_RB_GB,Kaleb Johnson,RB,GB,,525,528,531,28.7,,,,1.7,,,,0.0,,,,0.0,,0.2,0.2,,,,,,
johnson_RB_KC,Emmett Johnson,RB,KC,,527,530,533,20.6,,,,7.3,,,,0.1,,,,0.0,,0.1,0.8,,,,,,
johnson_TE_NO,Juwan Johnson,TE,NO,,531,534,537,,,,,54.1,,,,0.2,,,,0.5,,,4.8,,,,,,
johnson_TE_NYG,Theo Johnson,TE,NYG,,532,535,538,,,,,15.3,,,,0.0,,,,0.2,,,1.3,,,,,,
joly_TE_MIA,Justin Joly,TE,MIA,,539,542,545,,,,,4.3,,,,0.0,,,,0.0,,,0.5,,,,,,
jones_QB_IND,Daniel Jones,QB,IND,,541,544,547,11.1,,,0.8,,,,,0.2,241.0,,1.4,,,0.0,,,,,,,
jones_QB_SF,Mac Jones,QB,SF,,542,545,548,1.1,,,0.0,,,,,0.0,8.8,,0.1,,,0.0,,,,,,,
juszczyk_RB_SF,Kyle Juszczyk,RB,SF,,551,554,557,0.1,,,,14.9,,,,0.0,,,,0.1,,0.0,1.6,,,,,,
kacmarek_TE_MIA,Will Kacmarek,TE,MIA,,552,555,558,0.0,,,,7.5,,,,0.0,,,,0.0,,0.0,1.0,,,,,,
kamara_RB_NO,Alvin Kamara,RB,NO,,555,558,561,31.1,,,,14.1,,,,0.1,,,,0.0,,0.2,2.5,,,,,,
kieft_TE_TB,Ko Kieft,TE,TB,,562,565,568,,,,,3.5,,,,0.0,,,,0.0,,,0.4,,,,,,
kiner_RB_NE,Corey Kiner,RB,NE,,564,567,570,8.1,,,,1.0,,,,0.0,,,,0.0,,0.0,0.1,,,,,,
kittle_TE_SF,George Kittle,TE,SF,,570,573,576,0.0,,,,57.6,,,,0.0,,,,0.2,,0.0,4.7,,,,,,
klare_TE_LAR,Max Klare,TE,LAR,,571,574,577,,,,,6.8,,,,0.0,,,,0.1,,,0.6,,,,,,
klein_TE_HOU,Marlin Klein,TE,HOU,,572,575,578,,,,,8.1,,,,0.0,,,,0.1,,,0.7,,,,,,
klubnik_QB_NYJ,Cade Klubnik,QB,NYJ,,573,576,579,0.6,,,0.0,,,,,0.0,6.6,,0.0,,,0.0,,,,,,,
kmet_TE_CHI,Cole Kmet,TE,CHI,,574,577,580,0.0,,,,13.3,,,,0.0,,,,0.1,,0.0,1.6,,,,,,
knight_RB_ARI,Zonovan Knight,RB,ARI,,575,578,581,7.4,,,,1.4,,,,0.0,,,,0.0,,0.1,0.2,,,,,,
knox_TE_BUF,Dawson Knox,TE,BUF,,576,579,582,0.0,,,,15.8,,,,0.0,,,,0.1,,0.0,1.5,,,,,,
kolar_TE_LAC,Charlie Kolar,TE,LAC,,578,581,584,,,,,13.5,,,,0.0,,,,0.1,,,1.4,,,,,,
koziol_TE_JAX,Tanner Koziol,TE,JAX,,579,582,585,,,,,6.8,,,,0.0,,,,0.1,,,0.6,,,,,,
lance_QB_LAC,Trey Lance,QB,LAC,,586,588,591,1.0,,,0.0,,,,,0.0,7.2,,0.0,,,0.0,,,,,,,
lance_WR_NO,Bryce Lance,WR,NO,,587,589,592,0.2,,,,28.3,,,,0.1,,,,0.1,,0.0,2.1,,,,,,
lane_WR_WSH,Jaylin Lane,WR,WSH,,589,591,594,0.0,,,,2.0,,,,,,,,0.0,,0.0,0.0,,,,,,
legette_WR_CAR,Xavier Legette,WR,CAR,,598,600,603,0.3,,,,22.7,,,,0.0,,,,0.2,,0.0,1.8,,,,,,
lions_DST_DET,Lions,DST,DET,,604,606,609,,,,,,0.9,,0.0,0.9,,0.1,,,,,,3.2,13.6,,0.9,,
little_K_JAX,Cam Little,K,JAX,,605,607,610,,0.2,0.4,,,,0.0,,,,,,,0.8,,,,,3.0,,0.3,
lock_QB_SEA,Drew Lock,QB,SEA,,606,608,611,1.2,,,0.0,,,,,0.0,9.5,,0.1,,,0.0,,,,,,,
london_WR_ATL,Drake London,WR,ATL,,609,611,614,0.6,,,,82.2,,,,0.0,,,,0.3,,0.0,5.8,,,,,,
long_TE_ARI,Hunter Long,TE,ARI,,610,612,615,0.0,,,,5.0,,,,0.0,,,,0.0,,0.0,0.4,,,,,,
loop_K_BAL,Tyler Loop,K,BAL,,612,614,617,,0.3,0.5,,,,0.0,,,,,,,0.5,,,,,3.7,,0.6,
luepke_RB_DAL,Hunter Luepke,RB,DAL,,615,616,619,3.6,,,,2.6,,,,0.0,,,,0.0,,0.0,0.2,,,,,,
lutz_K_DEN,Wil Lutz,K,DEN,,616,617,620,,0.2,0.5,,,,0.0,,,,,,,0.3,,,,,2.3,,0.4,
manhertz_TE_NYG,Chris Manhertz,TE,NYG,,620,621,624,,,,,4.2,,,,0.0,,,,0.1,,,0.4,,,,,,
mariota_QB_WSH,Marcus Mariota,QB,WSH,,621,622,625,17.4,,,0.6,,,,,0.0,146.0,,1.2,,,0.0,,,,,,,
mayer_TE_LV,Michael Mayer,TE,LV,,630,631,634,,,,,23.2,,,,0.0,,,,0.2,,,3.1,,,,,,
mccarthy_QB_NYG,J.J. McCarthy,QB,NYG,,633,634,637,2.0,,,0.1,,,,,0.0,19.4,,0.2,,,0.0,,,,,,,
mccord_QB_MIA,Kyle McCord,QB,MIA,,634,635,638,0.4,,,0.0,,,,,0.0,4.5,,0.0,,,0.0,,,,,,,
mcgowan_RB_IND,Seth McGowan,RB,IND,,638,639,642,8.5,,,,1.4,,,,0.0,,,,0.0,,0.1,0.2,,,,,,
mclaughlin_K_TB,Chase McLaughlin,K,TB,,642,643,646,,0.2,0.6,,,,0.0,,,,,,,0.7,,,,,2.0,,0.4,
mclaughlin_RB_CLE,Jaleel McLaughlin,RB,CLE,,643,644,647,4.8,,,,0.8,,,,0.0,,,,0.0,,0.0,0.0,,,,,,
mcpherson_K_CIN,Evan McPherson,K,CIN,,647,648,651,,0.2,0.5,,,,0.0,,,,,,,0.8,,,,,2.4,,0.5,
mendoza_QB_LV,Fernando Mendoza,QB,LV,,652,653,656,0.4,,,0.0,,,,,0.0,5.9,,0.1,,,0.0,,,,,,,
metchie_WR_CAR,John Metchie III,WR,CAR,,654,655,658,0.0,,,,4.0,,,,,,,,0.0,,0.0,0.0,,,,,,
mevis_K_LAR,Harrison Mevis,K,LAR,,656,657,660,,0.0,0.4,,,,0.0,,,,,,,0.8,,,,,2.2,,0.3,
meyers_WR_CIN,Dohnte Meyers,WR,CIN,,657,658,661,1.0,,,,22.0,,,,,,,,0.0,,0.0,2.0,,,,,,
meyers_WR_JAX,Jakobi Meyers,WR,JAX,,658,659,662,1.1,,,,48.2,,,,0.0,,,,0.4,,0.0,3.8,,,,,,
michael_WR_GB,J. Michael Sturdivant,WR,GB,,659,660,663,0.0,,,,7.0,,,,,,,,0.0,,0.0,1.0,,,,,,
miller_RB_NO,Kendre Miller,RB,NO,,661,662,665,25.8,,,,2.9,,,,0.0,,,,0.0,,0.6,0.6,,,,,,
miller_WR_MIA,Ryan Miller,WR,MIA,,663,664,667,0.0,,,,7.0,,,,,,,,0.0,,0.0,0.0,,,,,,
mills_QB_HOU,Davis Mills,QB,HOU,,666,667,670,1.1,,,0.0,,,,,0.0,11.0,,0.1,,,0.0,,,,,,,
minshew_QB_ARI,Gardner Minshew,QB,ARI,,673,674,677,1.2,,,0.0,,,,,0.0,9.9,,0.1,,,0.0,,,,,,,
mitchell_RB_LAC,Keaton Mitchell,RB,LAC,,676,677,680,24.6,,,,5.4,,,,0.0,,,,0.0,,0.0,0.8,,,,,,
mitchell_WR_NYJ,Adonai Mitchell,WR,NYJ,,678,679,682,-0.1,,,,26.5,,,,0.0,,,,0.1,,0.0,1.8,,,,,,
monangai_RB_CHI,Kyle Monangai,RB,CHI,,681,682,685,53.7,,,,13.7,,,,0.1,,,,0.0,,0.4,1.5,,,,,,
mooney_WR_NYG,Darnell Mooney,WR,NYG,,686,687,690,0.9,,,,37.2,,,,0.0,,,,0.2,,0.0,2.5,,,,,,
moreau_TE_HOU,Foster Moreau,TE,HOU,,695,696,699,,,,,15.7,,,,0.0,,,,0.2,,,1.4,,,,,,
morris_TE_JAX,Quintin Morris,TE,JAX,,697,698,701,0.0,,,,4.0,,,,,,,,0.0,,0.0,0.0,,,,,,
mundt_TE_PHI,Johnny Mundt,TE,PHI,,704,705,708,0.0,,,,12.0,,,,0.0,,,,0.0,,0.0,1.4,,,,,,
myers_K_SEA,Jason Myers,K,SEA,,711,712,715,,0.4,0.8,,,,0.0,,,,,,,0.6,,,,,2.9,,0.5,
nailor_WR_LV,Jalen Nailor,WR,LV,,712,713,716,0.6,,,,28.3,,,,0.0,,,,0.1,,0.0,2.4,,,,,,
noel_WR_HOU,Jaylin Noel,WR,HOU,,721,722,725,3.2,,,,20.6,,,,0.0,,,,0.1,,0.0,1.4,,,,,,
nwangwu_RB_NYJ,Kene Nwangwu,RB,NYJ,,723,724,727,8.2,,,,0.3,,,,0.0,,,,0.0,,0.0,0.0,,,,,,
ogletree_TE_IND,Andrew Ogletree,TE,IND,,726,727,730,0.0,,,,4.2,,,,0.0,,,,0.0,,0.0,0.2,,,,,,
okonkwo_TE_WSH,Chigoziem Okonkwo,TE,WSH,,729,730,733,,,,,33.9,,,,0.0,,,,0.2,,,2.8,,,,,,
otton_TE_TB,Cade Otton,TE,TB,,736,737,740,0.0,,,,38.6,,,,0.0,,,,0.1,,0.0,3.4,,,,,,
packers_DST_GB,Packers,DST,GB,,741,742,745,,,,,,0.8,,0.0,0.7,,0.2,,,,,,2.7,20.1,,0.7,,
palmer_WR_BUF,Josh Palmer,WR,BUF,,743,744,747,0.0,,,,28.6,,,,0.0,,,,0.2,,0.0,1.8,,,,,,
panthers_DST_CAR,Panthers,DST,CAR,,746,747,750,,,,,,0.6,,0.1,0.6,,0.2,,,,,,2.8,27.5,,0.6,,
parkinson_TE_LAR,Colby Parkinson,TE,LAR,,748,749,752,0.0,,,,17.7,,,,0.0,,,,0.1,,0.0,1.5,,,,,,
patriots_DST_NE,Patriots,DST,NE,,750,751,754,,,,,,0.7,,0.0,0.9,,0.2,,,,,,2.4,26.5,,0.9,,
patterson_K_MIA,Riley Patterson,K,MIA,,751,752,755,,0.1,0.5,,,,0.0,,,,,,,0.4,,,,,1.4,,0.3,
penix_QB_ATL,Michael Penix Jr.,QB,ATL,,754,755,758,6.4,,,0.9,,,,,0.2,223.0,,1.2,,,0.0,,,,,,,
perine_RB_CIN,Samaje Perine,RB,CIN,,755,756,759,19.6,,,,10.4,,,,0.1,,,,0.0,,0.1,1.0,,,,,,
pickens_WR_DAL,George Pickens,WR,DAL,,758,759,762,-0.0,,,,67.0,,,,0.0,,,,0.2,,0.0,5.0,,,,,,
pickett_QB_CAR,Kenny Pickett,QB,CAR,,759,760,763,1.4,,,0.0,,,,,0.0,9.0,,0.1,,,0.0,,,,,,,
pineiro_K_SF,Eddy Pineiro,K,SF,,763,764,767,,0.3,0.5,,,,0.0,,,,,,,0.5,,,,,1.9,,0.4,
prescott_QB_DAL,Dak Prescott,QB,DAL,,769,770,773,13.8,,,0.9,,,,,0.1,243.0,,1.8,,,0.0,,,,,,,
purdy_QB_SF,Brock Purdy,QB,SF,,778,779,782,22.6,,,1.0,,,,,0.2,239.0,,1.8,,,0.2,,,,,,,
raiders_DST_LV,Raiders,DST,LV,,780,781,784,,,,,,0.8,,0.0,0.8,,0.0,,,,,,2.7,14.8,,0.8,,
raridon_TE_NE,Eli Raridon,TE,NE,,782,783,786,,,,,20.5,,,,0.0,,,,0.2,,,1.7,,,,,,
rattler_QB_NO,Spencer Rattler,QB,NO,,783,784,787,0.9,,,0.0,,,,,0.0,10.0,,0.1,,,0.0,,,,,,,
ravens_DST_BAL,Ravens,DST,BAL,,784,785,788,,,,,,0.5,,0.0,0.8,,0.2,,,,,,3.1,19.3,,0.8,,
raymond_WR_CHI,Kalif Raymond,WR,CHI,,785,786,789,1.3,,,,30.0,,,,0.0,,,,0.1,,0.0,2.8,,,,,,
reichard_K_MIN,Will Reichard,K,MIN,,789,790,793,,0.4,0.7,,,,0.0,,,,,,,0.6,,,,,3.4,,0.5,
rice_WR_KC,Rashee Rice,WR,KC,,798,799,802,1.1,,,,61.1,,,,0.0,,,,0.2,,0.0,5.6,,,,,,
richardson_QB_IND,Anthony Richardson,QB,IND,,800,801,804,1.2,,,0.0,,,,,0.0,10.7,,0.1,,,0.0,,,,,,,
robinson_WR_TEN,Wan'Dale Robinson,WR,TEN,,811,811,814,0.3,,,,40.0,,,,0.0,,,,0.3,,0.0,4.6,,,,,,
rodgers_QB_PIT,Aaron Rodgers,QB,PIT,,812,812,815,6.0,,,0.8,,,,,0.2,198.0,,1.1,,,0.0,,,,,,,
rodriguez_RB_JAX,Chris Rodriguez Jr.,RB,JAX,,813,813,816,34.7,,,,1.4,,,,0.0,,,,0.0,,0.2,0.0,,,,,,
roush_TE_CHI,Sam Roush,TE,CHI,,816,816,819,0.0,,,,5.2,,,,0.0,,,,0.0,,0.0,0.3,,,,,,
rucci_TE_LAC,Hayden Rucci,TE,LAC,,820,820,823,0.0,,,,6.2,,,,0.0,,,,0.0,,0.0,0.5,,,,,,
ruckert_TE_NYJ,Jeremy Ruckert,TE,NYJ,,822,822,825,,,,,17.5,,,,0.0,,,,0.1,,,2.1,,,,,,
rudolph_QB_PIT,Mason Rudolph,QB,PIT,,823,823,826,1.0,,,0.0,,,,,0.0,7.6,,0.1,,,0.0,,,,,,,
russell_RB_SEA,Brady Russell,RB,SEA,,826,826,829,0.0,,,,4.9,,,,0.0,,,,0.0,,0.0,0.3,,,,,,
ryland_K_ARI,Chad Ryland,K,ARI,,828,828,831,,0.1,0.5,,,,0.0,,,,,,,0.8,,,,,2.2,,0.4,
sadiq_TE_NYJ,Kenyon Sadiq,TE,NYJ,,830,830,833,,,,,50.0,,,,0.1,,,,0.4,,,3.7,,,,,,
saints_DST_NO,Saints,DST,NO,,831,831,834,,,,,,0.9,,0.0,0.4,,0.1,,,,,,2.2,12.4,,0.4,,
sample_TE_CIN,Drew Sample,TE,CIN,,832,832,835,0.0,,,,10.0,,,,0.0,,,,0.0,,0.0,1.4,,,,,,
sanders_K_NYJ,Jason Sanders,K,NYJ,,838,838,840,,0.2,0.6,,,,0.0,,,,,,,0.7,,,,,1.9,,0.3,
sanders_QB_CLE,Shedeur Sanders,QB,CLE,,839,839,841,0.9,,,0.1,,,,,0.0,7.6,,0.0,,,0.0,,,,,,,
sanders_RB_CLE,Raheim Sanders,RB,CLE,,840,840,842,17.0,,,,16.0,,,,0.0,,,,0.0,,0.1,1.8,,,,,,
sanders_TE_CAR,Ja'Tavion Sanders,TE,CAR,,842,842,844,,,,,12.4,,,,0.0,,,,0.1,,,1.5,,,,,,
santos_K_CHI,Cairo Santos,K,CHI,,843,843,845,,0.2,0.5,,,,0.0,,,,,,,0.8,,,,,2.6,,0.4,
saubert_TE_SEA,Eric Saubert,TE,SEA,,845,845,847,0.0,,,,4.0,,,,,,,,0.0,,0.0,0.0,,,,,,
saylors_RB_DET,Jacob Saylors,RB,DET,,847,847,849,10.2,,,,4.0,,,,0.0,,,,0.0,,0.1,0.4,,,,,,
schoonmaker_TE_DAL,Luke Schoonmaker,TE,DAL,,848,848,850,0.0,,,,5.2,,,,0.0,,,,0.0,,0.0,0.4,,,,,,
schultz_TE_HOU,Dalton Schultz,TE,HOU,,850,850,852,,,,,55.5,,,,0.0,,,,0.3,,,5.2,,,,,,
shakir_WR_BUF,Khalil Shakir,WR,BUF,,858,858,859,0.2,,,,35.1,,,,0.0,,,,0.2,,0.0,3.8,,,,,,
sharp_TE_TB,Bauer Sharp,TE,TB,,859,859,860,,,,,5.9,,,,0.0,,,,0.0,,,0.6,,,,,,
shipley_RB_PHI,Will Shipley,RB,PHI,,865,865,866,6.7,,,,2.1,,,,0.0,,,,0.0,,0.0,0.4,,,,,,
shrader_K_IND,Spencer Shrader,K,IND,,868,868,868,,0.4,0.8,,,,0.0,,,,,,,0.5,,,,,2.8,,0.5,
simpson_QB_LAR,Ty Simpson,QB,LAR,,872,872,872,1.8,,,0.1,,,,,0.0,24.1,,0.2,,,0.0,,,,,,,
singletary_RB_NYG,Devin Singletary,RB,NYG,,875,875,875,14.7,,,,3.8,,,,0.0,,,,0.1,,0.1,0.5,,,,,,
singleton_RB_TEN,Nicholas Singleton,RB,TEN,,876,876,876,5.3,,,,0.6,,,,0.0,,,,0.0,,0.0,0.0,,,,,,
sinnott_TE_WSH,Ben Sinnott,TE,WSH,,877,877,877,0.0,,,,4.6,,,,0.0,,,,0.0,,0.0,0.3,,,,,,
skowronek_WR_PIT,Ben Skowronek,WR,PIT,,879,879,879,0.0,,,,4.0,,,,,,,,0.0,,0.0,0.0,,,,,,
slayton_WR_IND,Darius Slayton,WR,IND,,880,880,880,0.3,,,,25.1,,,,0.0,,,,0.1,,0.0,1.5,,,,,,
slye_K_TEN,Joey Slye,K,TEN,,883,883,883,,0.3,0.5,,,,0.0,,,,,,,0.4,,,,,1.9,,0.4,
smack_K_GB,Trey Smack,K,GB,,884,884,884,,0.1,0.5,,,,0.0,,,,,,,0.7,,,,,2.0,,0.5,
smith_QB_NYJ,Geno Smith,QB,NYJ,,888,888,888,16.2,,,1.0,,,,,0.2,229.0,,1.1,,,0.0,,,,,,,
smith_RB_KC,Brashard Smith,RB,KC,,889,889,889,3.4,,,,3.2,,,,0.0,,,,0.0,,0.0,0.5,,,,,,
smith_TE_GB,Jonnu Smith,TE,GB,,890,890,890,0.0,,,,16.4,,,,0.0,,,,0.0,,0.0,2.1,,,,,,
smith_WR_LAR,Xavier Smith,WR,LAR,,893,893,893,0.0,,,,3.0,,,,,,,,0.0,,0.0,0.0,,,,,,
smythe_TE_BAL,Durham Smythe,TE,BAL,,899,899,899,0.0,,,,8.8,,,,0.0,,,,0.0,,0.0,1.2,,,,,,
spannford_TE_DAL,Brevyn Spann-Ford,TE,DAL,,902,902,902,0.0,,,,6.5,,,,0.0,,,,0.0,,0.0,0.8,,,,,,
spears_RB_TEN,Tyjae Spears,RB,TEN,,903,903,903,21.8,,,,18.8,,,,0.0,,,,0.0,,0.1,2.8,,,,,,
stevens_K_WSH,Drew Stevens,K,WSH,,905,905,905,,0.1,0.5,,,,0.0,,,,,,,0.8,,,,,2.2,,0.5,
stidham_QB_DEN,Jarrett Stidham,QB,DEN,,907,907,907,1.0,,,0.0,,,,,0.0,7.9,,0.1,,,0.0,,,,,,,
stover_TE_HOU,Cade Stover,TE,HOU,,909,909,909,,,,,7.4,,,,0.0,,,,0.1,,,0.8,,,,,,
strange_TE_JAX,Brenton Strange,TE,JAX,,912,912,912,0.0,,,,36.7,,,,0.0,,,,0.2,,0.0,3.2,,,,,,
stroud_QB_HOU,C.J. Stroud,QB,HOU,,914,914,914,15.6,,,0.2,,,,,0.3,257.0,,2.0,,,0.0,,,,,,,
szmyt_K_CLE,Andre Szmyt,K,CLE,,916,916,916,,0.1,0.5,,,,0.0,,,,,,,0.6,,,,,1.4,,0.3,
tagovailoa_QB_ATL,Tua Tagovailoa,QB,ATL,,917,917,917,1.3,,,0.0,,,,,0.0,8.4,,0.1,,,0.0,,,,,,,
taylor_QB_GB,Tyrod Taylor,QB,GB,,920,920,920,0.9,,,0.0,,,,,0.0,10.2,,0.1,,,0.0,,,,,,,
taylor_TE_NYJ,Mason Taylor,TE,NYJ,,923,923,923,0.0,,,,16.3,,,,0.0,,,,0.0,,0.0,2.0,,,,,,
team_DST_WSH,Team,DST,WSH,,925,925,925,,,,,,0.6,,0.0,0.6,,0.2,,,,,,1.9,30.8,,0.6,,
teslaa_WR_DET,Isaac TeSlaa,WR,DET,,926,926,926,0.0,,,,26.3,,,,0.0,,,,0.3,,0.0,1.6,,,,,,
thomas_TE_LV,Ian Thomas,TE,LV,,928,928,928,0.0,,,,3.6,,,,0.0,,,,0.0,,0.0,0.4,,,,,,
thornton_WR_KC,Tyquan Thornton,WR,KC,,932,932,932,0.0,,,,30.8,,,,0.0,,,,0.0,,0.0,2.0,,,,,,
titans_DST_TEN,Titans,DST,TEN,,938,938,938,,,,,,0.4,,0.0,0.8,,0.2,,,,,,2.9,33.5,,0.8,,
tracy_RB_NYG,Tyrone Tracy Jr.,RB,NYG,,945,945,945,6.2,,,,1.4,,,,0.0,,,,0.0,,0.0,0.0,,,,,,
traore_TE_MIA,Seydou Traore,TE,MIA,,947,947,947,,,,,4.3,,,,0.0,,,,0.0,,,0.5,,,,,,
trautman_TE_DEN,Adam Trautman,TE,DEN,,949,949,949,,,,,15.1,,,,0.0,,,,0.1,,,1.6,,,,,,
treadwell_WR_IND,Laquon Treadwell,WR,IND,,950,950,950,0.1,,,,34.8,,,,0.0,,,,0.1,,0.0,2.2,,,,,,
tremble_TE_CAR,Tommy Tremble,TE,CAR,,952,952,952,,,,,13.4,,,,0.0,,,,0.1,,,1.4,,,,,,
trubisky_QB_TEN,Mitch Trubisky,QB,TEN,,954,954,954,0.6,,,0.0,,,,,0.0,6.8,,0.1,,,0.0,,,,,,,
tucker_RB_TB,Sean Tucker,RB,TB,,955,955,955,5.3,,,,0.2,,,,0.0,,,,0.0,,0.0,0.0,,,,,,
tucker_WR_LV,Tre Tucker,WR,LV,,956,956,956,1.9,,,,49.6,,,,0.0,,,,0.2,,0.0,4.2,,,,,,
vaki_RB_DET,Sione Vaki,RB,DET,,963,963,963,18.0,,,,3.4,,,,0.0,,,,0.0,,0.0,0.6,,,,,,
vele_WR_NO,Devaughn Vele,WR,NO,,969,969,969,0.0,,,,45.6,,,,0.0,,,,0.2,,0.0,3.9,,,,,,
vidal_RB_LAC,Kimani Vidal,RB,LAC,,970,970,970,6.8,,,,1.0,,,,0.0,,,,0.0,,0.0,0.1,,,,,,
vikings_DST_MIN,Vikings,DST,MIN,,971,971,971,,,,,,1.0,,0.0,1.0,,0.1,,,,,,4.0,7.4,,1.0,,
walker_WR_BAL,Devontez Walker,WR,BAL,,977,977,977,0.0,,,,25.4,,,,0.0,,,,0.3,,0.0,1.3,,,,,,
walker_WR_CHI,Jahdae Walker,WR,CHI,,978,978,978,0.3,,,,20.7,,,,0.0,,,,0.3,,0.0,1.6,,,,,,
waller_TE_CAR,Darren Waller,TE,CAR,,980,980,980,0.0,,,,29.5,,,,0.0,,,,0.2,,0.0,2.8,,,,,,
ward_QB_TEN,Cam Ward,QB,TEN,,982,982,982,10.4,,,0.8,,,,,0.2,202.5,,1.2,,,0.1,,,,,,,
warren_RB_PIT,Jaylen Warren,RB,PIT,,984,984,984,65.1,,,,23.1,,,,0.1,,,,0.0,,0.2,2.8,,,,,,
washington_TE_PIT,Darnell Washington,TE,PIT,,987,987,987,0.0,,,,20.8,,,,0.0,,,,0.0,,0.0,2.0,,,,,,
washington_WR_MIA,Malik Washington,WR,MIA,,989,989,989,2.9,,,,29.8,,,,0.2,,,,0.2,,0.0,3.5,,,,,,
watkins_WR_SF,Jordan Watkins,WR,SF,,991,991,991,0.3,,,,25.1,,,,0.1,,,,0.1,,0.0,2.0,,,,,,
watson_QB_CLE,Deshaun Watson,QB,CLE,,992,992,992,29.6,,,1.2,,,,,0.1,199.5,,1.0,,,0.1,,,,,,,
wayne_WR_HOU,Jared Wayne,WR,HOU,,996,996,996,0.0,,,,22.0,,,,,,,,0.0,,0.0,2.0,,,,,,
wentz_QB_MIN,Carson Wentz,QB,MIN,,1001,1001,1001,1.1,,,0.0,,,,,0.0,8.8,,0.1,,,0.0,,,,,,,
whiteheart_TE_CLE,Blake Whiteheart,TE,CLE,,1011,1011,1011,,,,,5.8,,,,0.0,,,,0.1,,,0.5,,,,,,
whyle_TE_GB,Josh Whyle,TE,GB,,1013,1013,1013,,,,,5.9,,,,0.0,,,,0.0,,,0.6,,,,,,
wicks_WR_PHI,Dontayvion Wicks,WR,PHI,,1015,1015,1015,0.3,,,,29.3,,,,0.0,,,,0.2,,0.0,2.4,,,,,,
wiley_TE_KC,Jared Wiley,TE,KC,,1016,1016,1016,,,,,6.5,,,,0.0,,,,0.0,,,0.7,,,,,,
williams_WR_DET,Jameson Williams,WR,DET,,1021,1021,1021,2.0,,,,57.9,,,,0.0,,,,0.3,,0.0,3.7,,,,,,
williams_WR_NE,Kyle Williams,WR,NE,,1025,1025,1025,1.0,,,,25.0,,,,,,,,0.0,,0.0,2.0,,,,,,
williams_WR_WSH,Antonio Williams,WR,WSH,,1027,1027,1027,0.6,,,,38.4,,,,0.1,,,,0.2,,0.0,2.6,,,,,,
willis_QB_MIA,Malik Willis,QB,MIA,,1029,1029,1029,30.0,,,1.0,,,,,0.3,183.5,,0.4,,,0.1,,,,,,,
wilson_RB_SEA,Emanuel Wilson,RB,SEA,,1036,1036,1036,36.4,,,,4.4,,,,0.0,,,,0.0,,0.2,0.6,,,,,,
wilson_WR_PIT,Roman Wilson,WR,PIT,,1040,1040,1040,0.0,,,,33.4,,,,0.1,,,,0.2,,0.0,2.8,,,,,,
winston_QB_NYG,Jameis Winston,QB,NYG,,1041,1041,1041,10.0,,,1.0,,,,,0.1,204.5,,1.2,,,0.0,,,,,,,
woerner_TE_ATL,Charlie Woerner,TE,ATL,,1042,1042,1042,,,,,11.3,,,,0.0,,,,0.1,,,1.3,,,,,,
woods_TE_NYJ,Jelani Woods,TE,NYJ,,1044,1044,1044,,,,,4.2,,,,0.0,,,,0.0,,,0.4,,,,,,
wright_RB_MIA,Jaylen Wright,RB,MIA,,1047,1047,1047,23.5,,,,1.9,,,,0.1,,,,0.0,,0.2,0.3,,,,,,
wright_TE_DET,Brock Wright,TE,DET,,1050,1050,1050,0.0,,,,10.0,,,,0.0,,,,0.0,,0.0,1.3,,,,,,
young_QB_CAR,Bryce Young,QB,CAR,,1053,1053,1053,14.8,,,0.9,,,,,0.1,240.5,,2.0,,,0.1,,,,,,,
young_WR_LV,Dareke Young,WR,LV,,1054,1054,1054,0.0,,,,18.0,,,,,,,,0.0,,0.0,1.0,,,,,,
zaccheaus_WR_ATL,Olamide Zaccheaus,WR,ATL,,1057,1057,1057,0.2,,,,18.0,,,,0.0,,,,0.0,,0.0,2.1,,,,,,
zvada_K_NYG,Dominic Zvada,K,NYG,,1060,1060,1060,,0.1,0.5,,,,0.0,,,,,,,0.7,,,,,2.2,,0.5,
