name,pos,team,adp,proj
Josh Allen,QB,BUF,24.6,355.6
Lamar Jackson,QB,BAL,41.8,331.1
Drake Maye,QB,NE,49.2,328.1
Joe Burrow,QB,CIN,52.7,321.4
Jalen Hurts,QB,PHI,57.1,327.2
Jayden Daniels,QB,WAS,60.1,323.3
Caleb Williams,QB,CHI,67.0,309.5
Justin Herbert,QB,LAC,73.0,291.6
Dak Prescott,QB,DAL,73.4,317.2
Trevor Lawrence,QB,JAX,82.4,305.7
Bo Nix,QB,DEN,98.4,303.0
Jaxson Dart,QB,NYG,98.4,300.3
Brock Purdy,QB,SF,99.0,289.0
Matthew Stafford,QB,LAR,102.4,287.3
Patrick Mahomes,QB,KC,112.2,279.9
Jared Goff,QB,DET,114.4,296.3
Kyler Murray,QB,MIN,117.7,290.9
Jordan Love,QB,GB,124.2,298.0
Aaron Rodgers,QB,PIT,130.4,242.7
Malik Willis,QB,MIA,130.5,282.1
Baker Mayfield,QB,TB,130.6,275.9
Sam Darnold,QB,SEA,130.7,271.8
Fernando Mendoza,QB,LV,130.9,190.0
Tyler Shough,QB,NO,132.9,286.1
C.J. Stroud,QB,HOU,133.6,287.4
Daniel Jones,QB,IND,133.9,276.8
Bryce Young,QB,CAR,999,251.4
Cam Ward,QB,TEN,999,252.7
Jacoby Brissett,QB,ARI,999,218.2
Jahmyr Gibbs,RB,DET,1.2,323.2
Bijan Robinson,RB,ATL,2.2,316.1
Jonathan Taylor,RB,IND,5.0,278.7
Christian McCaffrey,RB,SF,6.3,273.8
James Cook III,RB,BUF,8.8,247.5
Saquon Barkley,RB,PHI,10.3,226.3
Kenneth Walker III,RB,KC,13.4,225.0
Chase Brown,RB,CIN,14.2,233.1
De'Von Achane,RB,MIA,14.8,258.1
Derrick Henry,RB,BAL,15.8,234.3
Omarion Hampton,RB,LAC,17.1,216.7
Ashton Jeanty,RB,LV,21.8,204.4
Kyren Williams,RB,LAR,26.2,208.8
Jeremiyah Love,RB,ARI,30.1,213.0
Javonte Williams,RB,DAL,30.3,225.2
Breece Hall,RB,NYJ,32.9,212.5
Travis Etienne Jr.,RB,NO,39.3,197.1
D'Andre Swift,RB,CHI,42.6,182.6
Cam Skattebo,RB,NYG,42.9,198.7
Bucky Irving,RB,TB,50.4,184.3
David Montgomery,RB,HOU,53.5,192.6
Quinshon Judkins,RB,CLE,56.0,183.2
Bhayshul Tuten,RB,JAX,59.0,162.5
Jaydn Price,RB,SEA,59.4,182.5
Rhamondre Stevenson,RB,NE,70.6,162.5
TreVeyon Henderson,RB,NE,70.8,167.0
Jaylen Warren,RB,PIT,72.8,182.8
Jonathon Brooks,RB,CAR,82.2,156.1
Rico Dowdle,RB,PIT,84.3,173.4
MarShawn Lloyd,RB,GB,84.9,181.5
Tony Pollard,RB,TEN,85.3,147.9
J.K. Dobbins,RB,DEN,91.2,133.2
Chuba Hubbard,RB,CAR,95.5,142.6
Blake Corum,RB,LAR,98.1,145.4
Jacory Croskey-Merritt,RB,WAS,100.8,137.3
Josh Jacobs,RB,GB,101.6,55.3
Jordan Mason,RB,MIN,106.4,145.4
RJ Harvey,RB,DEN,116.3,139.3
Kyle Monangai,RB,CHI,119.7,140.9
Kenneth Gainwell,RB,TB,123.3,141.3
Malachi Washington Jr.,RB,LV,127.5,77.8
Aaron Jones Sr.,RB,MIN,128.5,141.8
Chris Rodriguez Jr.,RB,JAX,129.3,112.5
Tyler Allgeier,RB,ARI,131.3,97.3
Rachaad White,RB,WAS,131.4,135.3
J. Coleman,RB,DEN,131.5,83.4
Ray Davis,RB,BUF,131.7,71.8
Brian Robinson,RB,ATL,132.1,87.8
Keaton Mitchell,RB,LAC,132.8,92.2
Tank Bigsby,RB,PHI,132.8,74.2
Najee Harris,RB,NYG,133.0,67.7
Woody Marks,RB,HOU,133.3,120.0
Isiah Pacheco,RB,DET,133.5,43.7
Elijah Johnson,RB,KC,134.2,72.9
Alvin Kamara,RB,NO,134.4,74.6
Tyjae Spears,RB,TEN,134.6,118.6
Kaelon Black,RB,SF,134.6,54.2
Zach Charbonnet,RB,SEA,135.4,100.8
Braelon Allen,RB,NYJ,137.4,73.6
Dylan Sampson,RB,CLE,999,91.9
Samaje Perine,RB,CIN,999,79.7
Ja'Marr Chase,WR,CIN,3.7,274.3
Puka Nacua,WR,LAR,5.6,262.4
Amon-Ra St. Brown,WR,DET,7.9,256.7
Jaxon Smith-Njigba,WR,SEA,7.9,264.0
CeeDee Lamb,WR,DAL,12.2,231.3
Justin Jefferson,WR,MIN,13.9,228.8
Nico Collins,WR,HOU,20.2,221.4
Drake London,WR,ATL,21.9,222.5
A.J. Brown,WR,NE,23.0,204.5
George Pickens,WR,DAL,23.1,219.5
Malik Nabers,WR,NYG,28.1,182.1
Chris Olave,WR,NO,28.4,193.1
DeVonta Smith,WR,PHI,29.5,191.7
Tee Higgins,WR,CIN,34.6,187.6
Zay Flowers,WR,BAL,34.9,211.6
Jaylen Waddle,WR,DEN,37.3,186.8
Rashee Rice,WR,KC,37.8,195.9
Tetairoa McMillan,WR,CAR,42.6,182.4
Ladd McConkey,WR,LAC,44.0,168.4
Garrett Wilson,WR,NYJ,45.1,160.6
Emeka Egbuka,WR,TB,48.7,160.9
DJ Moore,WR,BUF,54.5,158.4
Terry McLaurin,WR,WAS,55.0,173.0
Luther Burden III,WR,CHI,55.8,173.7
Davante Adams,WR,LAR,60.3,168.5
Jameson Williams,WR,DET,63.3,159.6
Rome Odunze,WR,CHI,64.7,158.1
Christian Watson,WR,GB,65.4,167.7
Parker Washington,WR,JAX,68.0,167.3
Mike Evans,WR,SF,71.8,148.2
Marvin Harrison Jr.,WR,ARI,77.0,145.6
Brian Thomas Jr.,WR,JAX,83.1,134.5
Carnell Tate,WR,TEN,83.7,140.5
DK Metcalf,WR,PIT,84.9,151.7
Chris Godwin Jr.,WR,TB,91.0,135.0
Alec Pierce,WR,IND,97.8,164.4
Michael Wilson,WR,ARI,97.9,134.7
Josh Downs,WR,IND,101.1,147.8
Quentin Johnston,WR,LAC,103.8,134.6
D. Stribling,WR,SF,105.0,92.4
Stefon Diggs,WR,WAS,106.7,137.3
Jayden Reed,WR,GB,109.5,151.4
Courtland Sutton,WR,DEN,110.2,141.8
Jordan Addison,WR,MIN,113.5,132.8
KC Concepcion,WR,CLE,117.9,119.8
Michael Pittman Jr.,WR,PIT,122.0,143.1
Matthew Golden,WR,GB,122.2,131.5
Makai Lemon,WR,PHI,125.2,110.0
Wan'Dale Robinson,WR,TEN,131.9,133.6
J. Tyson,WR,NO,132.3,90.8
Dontayvion Wicks,WR,PHI,132.5,82.5
Cooper Kupp,WR,SEA,132.9,69.9
Deebo Samuel Sr.,WR,SF,133.7,99.9
Xavier Worthy,WR,KC,133.8,123.2
Rashid Shaheed,WR,SEA,133.8,112.9
Khalil Shakir,WR,BUF,134.0,126.3
Kayshon Boutte,WR,HOU,134.5,110.2
Romeo Doubs,WR,NE,135.0,130.4
Jalen Coker,WR,CAR,135.1,126.8
Keenan Allen,WR,IND,135.2,94.0
Jakobi Meyers,WR,JAX,136.1,133.3
Tre Tucker,WR,LV,136.5,99.2
D. Boston,WR,CLE,136.7,103.1
Jauan Jennings,WR,MIN,999,96.0
Jalen Nailor,WR,LV,999,96.4
Brock Bowers,TE,LV,20.5,181.4
Trey McBride,TE,ARI,29.4,190.0
Colston Loveland,TE,CHI,38.1,163.1
Tyler Warren,TE,IND,46.1,167.3
Tucker Kraft,TE,GB,59.3,157.7
Sam LaPorta,TE,DET,64.2,142.8
Harold Fannin Jr.,TE,CLE,71.9,141.8
Kyle Pitts Sr.,TE,ATL,73.0,139.5
George Kittle,TE,SF,80.3,130.5
Dalton Kincaid,TE,BUF,97.4,118.1
Travis Kelce,TE,KC,98.3,132.4
Dallas Goedert,TE,PHI,103.7,126.2
Isaiah Likely,TE,NYG,109.3,114.8
Mark Andrews,TE,BAL,115.1,130.3
Juwan Johnson,TE,NO,123.1,110.3
Jake Ferguson,TE,DAL,123.1,122.7
Dalton Schultz,TE,HOU,129.4,114.5
Chig Okonkwo,TE,WAS,130.5,98.4
T. Ferguson,TE,LAR,131.3,79.7
Hunter Henry,TE,NE,131.4,124.3
Brenton Strange,TE,JAX,134.5,109.7
AJ Barner,TE,SEA,131.9,99.3
Oronde Gadsden,TE,LAC,134.6,54.4
T.J. Hockenson,TE,MIN,135.8,99.7
Greg Dulcich,TE,MIA,136.0,106.5
Cade Otton,TE,TB,999,86.8
Rams,DEF,LAR,89.3,150.5
Texans,DEF,HOU,99.3,148.5
Broncos,DEF,DEN,105.7,152.6
Seahawks,DEF,SEA,112.2,151.2
Eagles,DEF,PHI,124.5,143.1
Vikings,DEF,MIN,133.0,140.1
Patriots,DEF,NE,133.4,143.2
Ravens,DEF,BAL,137.9,134.8
Jaguars,DEF,JAX,137.4,132.9
Steelers,DEF,PIT,138.5,130.3
Bengals,DEF,CIN,138.7,122.3
Packers,DEF,GB,139.4,127.8
Cowboys,DEF,DAL,139.5,113.5
Chiefs,DEF,KC,139.9,130.9
Lions,DEF,DET,140.4,133.1
Chargers,DEF,LAC,140.5,131.3
Bills,DEF,BUF,135.2,131.0
49ers,DEF,SF,134.6,115.6
Bears,DEF,CHI,135.8,124.9
Giants,DEF,NYG,136.4,115.8
Brandon Aubrey,K,DAL,94.5,142.5
Ka'imi Fairbairn,K,HOU,120.2,138.2
Jason Myers,K,SEA,123.4,138.0
Cameron Dicker,K,LAC,127.1,139.6
Cam Little,K,JAX,134.4,136.2
Harrison Mevis,K,LAR,134.6,143.7
Tyler Loop,K,BAL,137.9,135.2
Nick Folk,K,ATL,139.0,126.7
Chris Boswell,K,PIT,139.2,131.0
Harrison Butker,K,KC,139.3,134.6
Jake Elliott,K,PHI,139.7,129.3
T. Smack,K,GB,140.0,134.0
Spencer Shrader,K,IND,140.1,140.8
Tyler Bass,K,BUF,140.1,138.2
Andres Borregales,K,NE,140.6,130.8
Wil Lutz,K,DEN,141.1,132.2
Jake Bates,K,DET,142.1,139.2
Eddy Pineiro,K,SF,142.5,136.1
Will Reichard,K,MIN,142.6,133.5
Evan McPherson,K,CIN,142.6,134.7
Chase McLaughlin,K,TB,142.8,132.4
Cairo Santos,K,CHI,144.7,134.0
