key,name,pos,team,bye,std,half_ppr,ppr
gibbs_RB_DET,Jahmyr Gibbs,RB,DET,6,1.5,2.2,1.5
robinson_RB_ATL,Bijan Robinson,RB,ATL,11,2.0,3.0,2.2
taylor_RB_IND,Jonathan Taylor,RB,IND,13,2.5,6.1,7.7
nacua_WR_LAR,Puka Nacua,WR,LAR,11,3.6,3.0,4.2
chase_WR_CIN,Ja'Marr Chase,WR,CIN,6,4.7,3.4,3.2
mccaffrey_RB_SF,Christian McCaffrey,RB,SF,8,5.5,5.6,5.0
henry_RB_BAL,Derrick Henry,RB,BAL,13,7.0,,15.0
cook_RB_BUF,James Cook III,RB,BUF,7,7.6,8.4,11.3
smithnjigba_WR_SEA,Jaxon Smith-Njigba,WR,SEA,11,9.4,,6.5
brown_WR_DET,Amon-Ra St. Brown,WR,DET,6,9.8,,6.5
achane_RB_MIA,De'Von Achane,RB,MIA,6,11.1,,11.2
barkley_RB_PHI,Saquon Barkley,RB,PHI,10,12.9,16.6,17.2
lamb_WR_DAL,CeeDee Lamb,WR,DAL,14,13.3,12.5,9.7
jefferson_WR_MIN,Justin Jefferson,WR,MIN,6,14.5,14.4,11.1
brown_WR_NE,A.J. Brown,WR,NE,11,15.7,16.0,15.7
brown_RB_CIN,Chase Brown,RB,CIN,6,16.3,13.7,14.1
walker_RB_KC,Kenneth Walker,RB,KC,5,16.5,21.5,21.7
pickens_WR_DAL,George Pickens,WR,DAL,14,19.6,,21.7
hampton_RB_LAC,Omarion Hampton,RB,LAC,7,20.5,22.8,21.3
williams_RB_DAL,Javonte Williams,RB,DAL,14,22.3,24.0,29.7
flowers_WR_BAL,Zay Flowers,WR,BAL,13,23.8,,26.1
williams_RB_LAR,Kyren Williams,RB,LAR,11,24.5,,31.5
jeanty_RB_LV,Ashton Jeanty,RB,LV,13,24.6,21.3,20.7
olave_WR_NO,Chris Olave,WR,NO,8,26.3,,20.4
hall_RB_NYJ,Breece Hall,RB,NYJ,13,28.6,,29.5
higgins_WR_CIN,Tee Higgins,WR,CIN,6,30.7,,34.8
adams_WR_LAR,Davante Adams,WR,LAR,11,30.9,37.0,38.1
etienne_RB_NO,Travis Etienne Jr.,RB,NO,8,32.1,,37.0
allen_QB_BUF,Josh Allen,QB,BUF,7,32.3,29.0,32.8
egbuka_WR_TB,Emeka Egbuka,WR,TB,10,33.3,35.9,34.5
love_RB_ARI,Jeremiyah Love,RB,ARI,14,33.4,,27.7
mcmillan_WR_CAR,Tetairoa McMillan,WR,CAR,5,33.6,,33.4
smith_WR_PHI,DeVonta Smith,WR,PHI,10,34.3,27.8,28.5
nabers_WR_NYG,Malik Nabers,WR,NYG,8,35.5,30.6,28.4
skattebo_RB_NYG,Cam Skattebo,RB,NYG,8,35.8,,37.6
wilson_WR_NYJ,Garrett Wilson,WR,NYJ,13,37.6,,26.6
swift_RB_CHI,D'Andre Swift,RB,CHI,10,39.7,40.8,42.8
watson_WR_GB,Christian Watson,WR,GB,11,42.3,,55.2
mcconkey_WR_LAC,Ladd McConkey,WR,LAC,7,42.5,38.9,37.4
odunze_WR_CHI,Rome Odunze,WR,CHI,10,43.3,49.8,53.2
waddle_WR_DEN,Jaylen Waddle,WR,DEN,10,44.7,44.0,42.4
mclaurin_WR_WSH,Terry McLaurin,WR,WSH,7,45.1,,48.2
maye_QB_NE,Drake Maye,QB,NE,11,46.7,,50.0
judkins_RB_CLE,Quinshon Judkins,RB,CLE,11,46.7,,47.9
moore_WR_BUF,DJ Moore,WR,BUF,7,47.6,47.5,48.1
montgomery_RB_HOU,David Montgomery,RB,HOU,8,48.3,54.8,51.4
irving_RB_TB,Bucky Irving,RB,TB,10,49.0,,48.6
bowers_TE_LV,Brock Bowers,TE,LV,13,50.5,36.8,33.0
burrow_QB_CIN,Joe Burrow,QB,CIN,6,53.2,,52.4
tuten_RB_JAX,Bhayshul Tuten,RB,JAX,7,54.8,,55.7
pierce_WR_IND,Alec Pierce,WR,IND,13,55.7,,72.0
metcalf_WR_PIT,DK Metcalf,WR,PIT,9,57.4,,64.1
burden_WR_CHI,Luther Burden III,WR,CHI,10,57.8,,50.6
evans_WR_SF,Mike Evans,WR,SF,8,57.8,,54.2
price_RB_SEA,Jadarian Price,RB,SEA,11,58.2,61.1,62.3
washington_WR_JAX,Parker Washington,WR,JAX,7,60.4,59.4,58.2
mcbride_TE_ARI,Trey McBride,TE,ARI,14,60.4,47.9,35.3
stevenson_RB_NE,Rhamondre Stevenson,RB,NE,11,61.8,56.2,56.8
henderson_RB_NE,TreVeyon Henderson,RB,NE,11,62.6,,64.6
sutton_WR_DEN,Courtland Sutton,WR,DEN,10,63.0,,63.6
harrison_WR_ARI,Marvin Harrison Jr.,WR,ARI,14,65.1,,64.7
pollard_RB_TEN,Tony Pollard,RB,TEN,9,67.1,,68.2
thomas_WR_JAX,Brian Thomas Jr.,WR,JAX,7,67.9,,80.1
hurts_QB_PHI,Jalen Hurts,QB,PHI,10,69.2,73.4,74.2
stafford_QB_LAR,Matthew Stafford,QB,LAR,11,69.9,,72.4
loveland_TE_CHI,Colston Loveland,TE,CHI,10,70.8,62.2,58.2
wilson_WR_ARI,Michael Wilson,WR,ARI,14,72.6,78.0,75.7
tate_WR_TEN,Carnell Tate,WR,TEN,9,75.5,,75.1
seahawks_DST_SEA,Seahawks,DST,SEA,11,76.8,,79.9
johnston_WR_LAC,Quentin Johnston,WR,LAC,7,78.7,,90.5
reed_WR_GB,Jayden Reed,WR,GB,11,79.8,87.2,86.4
addison_WR_MIN,Jordan Addison,WR,MIN,6,79.9,,95.1
godwin_WR_TB,Chris Godwin Jr.,WR,TB,10,80.1,74.7,76.6
worthy_WR_KC,Xavier Worthy,WR,KC,5,82.1,,104.7
croskeymerritt_RB_WSH,Jacory Croskey-Merritt,RB,WSH,7,84.7,,115.4
golden_WR_GB,Matthew Golden,WR,GB,11,85.2,,101.9
hubbard_RB_CAR,Chuba Hubbard,RB,CAR,5,85.3,,73.1
warren_TE_IND,Tyler Warren,TE,IND,13,86.2,72.4,65.9
pittman_WR_PIT,Michael Pittman Jr.,WR,PIT,9,88.0,,74.9
laporta_TE_DET,Sam LaPorta,TE,DET,6,88.3,,89.2
mason_RB_MIN,Jordan Mason,RB,MIN,6,90.1,110.9,116.8
lawrence_QB_JAX,Trevor Lawrence,QB,JAX,7,94.4,,93.1
goff_QB_DET,Jared Goff,QB,DET,6,95.6,,99.7
texans_DST_HOU,Texans,DST,HOU,8,96.3,105.2,99.8
williams_QB_CHI,Caleb Williams,QB,CHI,10,97.6,,85.9
rams_DST_LAR,Rams,DST,LAR,11,98.4,99.5,109.3
diggs_WR_WSH,Stefon Diggs,WR,WSH,7,99.8,,95.9
downs_WR_IND,Josh Downs,WR,IND,13,101.2,,92.9
shaheed_WR_SEA,Rashid Shaheed,WR,SEA,11,104.0,,132.2
robinson_WR_TEN,Wan'Dale Robinson,WR,TEN,9,104.5,,87.2
corum_RB_LAR,Blake Corum,RB,LAR,11,106.4,132.2,120.3
shakir_WR_BUF,Khalil Shakir,WR,BUF,7,107.2,,95.3
herbert_QB_LAC,Justin Herbert,QB,LAC,7,107.3,115.2,104.9
jacobs_RB_GB,Josh Jacobs,RB,GB,11,107.9,,98.4
nix_QB_DEN,Bo Nix,QB,DEN,10,109.2,,105.8
jones_RB_MIN,Aaron Jones Sr.,RB,MIN,6,111.7,,91.5
concepcion_WR_CLE,KC Concepcion,WR,CLE,11,112.7,114.4,120.7
lloyd_RB_GB,MarShawn Lloyd,RB,GB,11,113.0,115.3,111.3
lemon_WR_PHI,Makai Lemon,WR,PHI,10,113.5,,124.6
stribling_WR_SF,De'Zhaun Stribling,WR,SF,8,116.0,126.9,124.8
mahomes_QB_KC,Patrick Mahomes,QB,KC,5,116.1,102.2,109.7
aubrey_K_DAL,Brandon Aubrey,K,DAL,14,118.0,134.9,123.1
white_RB_WSH,Rachaad White,RB,WSH,7,120.6,,137.8
jeudy_WR_CLE,Jerry Jeudy,WR,CLE,11,123.2,,135.1
pitts_TE_ATL,Kyle Pitts Sr.,TE,ATL,11,124.3,,86.5
mcmillan_WR_TB,Jalen McMillan,WR,TB,10,125.6,,140.4
gainwell_RB_TB,Kenny Gainwell,RB,TB,10,127.4,,96.9
dart_QB_NYG,Jaxson Dart,QB,NYG,8,128.5,,123.0
chargers_DST_LAC,Chargers,DST,LAC,7,129.6,,134.1
charbonnet_RB_SEA,Zach Charbonnet,RB,SEA,11,132.2,,140.9
ridley_WR_TEN,Calvin Ridley,WR,TEN,9,132.3,,161.2
bateman_WR_BAL,Rashod Bateman,WR,BAL,13,133.0,,
marks_RB_HOU,Woody Marks,RB,HOU,8,133.8,140.4,137.0
mayfield_QB_TB,Baker Mayfield,QB,TB,10,135.3,,130.2
boutte_WR_HOU,Kayshon Boutte,WR,HOU,8,136.0,,155.1
kelce_TE_KC,Travis Kelce,TE,KC,5,137.4,130.6,109.1
murray_QB_MIN,Kyler Murray,QB,MIN,6,140.6,,131.5
washington_RB_LV,Mike Washington Jr.,RB,LV,13,143.7,,142.7
kincaid_TE_BUF,Dalton Kincaid,TE,BUF,7,149.8,,137.5
allen_WR_IND,Keenan Allen,WR,IND,13,150.5,,148.0
kupp_WR_SEA,Cooper Kupp,WR,SEA,11,155.4,,170.2
jaguars_DST_JAX,Jaguars,DST,JAX,7,156.4,,143.5
bills_DST_BUF,Bills,DST,BUF,7,157.0,,158.6
likely_TE_NYG,Isaiah Likely,TE,NYG,8,158.7,,144.0
steelers_DST_PIT,Steelers,DST,PIT,9,158.8,,154.2
mitchell_WR_NYJ,Adonai Mitchell,WR,NYJ,13,165.1,,
collins_WR_HOU,Nico Collins,WR,HOU,8,,20.6,18.9
kraft_TE_GB,Tucker Kraft,TE,GB,11,,89.8,104.0
love_QB_GB,Jordan Love,QB,GB,11,,129.8,140.2
butker_K_KC,Harrison Butker,K,KC,5,,164.4,150.5
london_WR_ATL,Drake London,WR,ATL,11,,,13.1
rice_WR_KC,Rashee Rice,WR,KC,5,,,17.0
williams_WR_DET,Jameson Williams,WR,DET,6,,,44.1
jackson_QB_BAL,Lamar Jackson,QB,BAL,13,,,55.5
warren_RB_PIT,Jaylen Warren,RB,PIT,9,,,60.6
prescott_QB_DAL,Dak Prescott,QB,DAL,14,,,67.1
kittle_TE_SF,George Kittle,TE,SF,8,,,77.1
dowdle_RB_PIT,Rico Dowdle,RB,PIT,9,,,78.1
fannin_TE_CLE,Harold Fannin Jr.,TE,CLE,11,,,83.1
dobbins_RB_DEN,J.K. Dobbins,RB,DEN,10,,,85.2
daniels_QB_WSH,Jayden Daniels,QB,WSH,7,,,85.8
purdy_QB_SF,Brock Purdy,QB,SF,8,,,88.7
broncos_DST_DEN,Broncos,DST,DEN,10,,,88.8
meyers_WR_JAX,Jakobi Meyers,WR,JAX,7,,,92.6
brooks_RB_CAR,Jonathon Brooks,RB,CAR,5,,,93.8
harvey_RB_DEN,RJ Harvey,RB,DEN,10,,,94.6
monangai_RB_CHI,Kyle Monangai,RB,CHI,10,,,104.5
doubs_WR_NE,Romeo Doubs,WR,NE,11,,,107.2
myers_K_SEA,Jason Myers,K,SEA,11,,,110.0
samuel_WR_SF,Deebo Samuel Sr.,WR,SF,8,,,113.0
coker_WR_CAR,Jalen Coker,WR,CAR,5,,,116.7
eagles_DST_PHI,Eagles,DST,PHI,10,,,117.4
dicker_K_LAC,Cameron Dicker,K,LAC,7,,,123.4
lions_DST_DET,Lions,DST,DET,6,,,123.8
vikings_DST_MIN,Vikings,DST,MIN,6,,,127.3
goedert_TE_PHI,Dallas Goedert,TE,PHI,10,,,129.0
tucker_WR_LV,Tre Tucker,WR,LV,13,,,132.9
spears_RB_TEN,Tyjae Spears,RB,TEN,9,,,135.1
fairbairn_K_HOU,Ka'imi Fairbairn,K,HOU,8,,,135.2
mevis_K_LAR,Harrison Mevis,K,LAR,11,,,135.6
henry_TE_NE,Hunter Henry,TE,NE,11,,,136.8
patriots_DST_NE,Patriots,DST,NE,11,,,137.8
andrews_TE_BAL,Mark Andrews,TE,BAL,13,,,139.2
bates_K_DET,Jake Bates,K,DET,6,,,139.5
shough_QB_NO,Tyler Shough,QB,NO,8,,,140.7
nailor_WR_LV,Jalen Nailor,WR,LV,13,,,143.0
ferguson_TE_DAL,Jake Ferguson,TE,DAL,14,,,143.1
washington_WR_MIA,Malik Washington,WR,MIA,6,,,143.4
reichard_K_MIN,Will Reichard,K,MIN,6,,,143.6
darnold_QB_SEA,Sam Darnold,QB,SEA,11,,,144.0
coleman_RB_DEN,Jonah Coleman,RB,DEN,10,,,145.8
kamara_RB_NO,Alvin Kamara,RB,NO,8,,,146.4
boston_WR_CLE,Denzel Boston,WR,CLE,11,,,146.5
ers_DST_SF,49ers,DST,SF,8,,,147.7
mcpherson_K_CIN,Evan McPherson,K,CIN,6,,,154.3
pieiro_K_SF,Eddy Piñeiro,K,SF,8,,,155.1
stroud_QB_HOU,C.J. Stroud,QB,HOU,8,,,155.2
allgeier_RB_ARI,Tyler Allgeier,RB,ARI,14,,,155.8
douglas_WR_MIA,Caleb Douglas,WR,MIA,6,,,156.1
little_K_JAX,Cam Little,K,JAX,7,,,156.2
boswell_K_PIT,Chris Boswell,K,PIT,9,,,156.5
rodriguez_RB_JAX,Chris Rodriguez Jr.,RB,JAX,7,,,157.0
tyson_WR_NO,Jordyn Tyson,WR,NO,8,,,157.2
willis_QB_MIA,Malik Willis,QB,MIA,6,,,157.9
johnson_TE_NO,Juwan Johnson,TE,NO,8,,,160.0
jennings_WR_MIN,Jauan Jennings,WR,MIN,6,,,161.4
titans_DST_TEN,Titans,DST,TEN,9,,,163.5
black_RB_SF,Kaelon Black,RB,SF,8,,,165.5
hunter_WR_JAX,Travis Hunter,WR,JAX,7,,,166.1
lutz_K_DEN,Wil Lutz,K,DEN,10,,,166.8
ravens_DST_BAL,Ravens,DST,BAL,13,,,167.6
loop_K_BAL,Tyler Loop,K,BAL,13,,,168.0
browns_DST_CLE,Browns,DST,CLE,11,,,170.2
jones_QB_IND,Daniel Jones,QB,IND,13,,,171.0
falcons_DST_ATL,Falcons,DST,ATL,11,,,172.2
bengals_DST_CIN,Bengals,DST,CIN,6,,,190.4
