key,name,pos,team,pass_tds,pass_yds,pass_ints,rush_tds,rush_yds,receptions,reception_tds,reception_yds,two_pts,fumbles,kick_0_19,kick_20_29,kick_30_39,kick_40_49,kick_50,kick_extra_points,df_points_allowed_per_game,df_sacks,df_safeties,df_fumbles,df_tds,df_ints
jackson_QB_BAL,Lamar Jackson,QB,BAL,2.3,232.0,0.4,0.2,34.7,,,,,0.3,,,,,,,,,,,,
allen_QB_BUF,Josh Allen,QB,BUF,1.7,223.0,0.7,0.7,36.2,,,,,0.3,,,,,,,,,,,,
mahomes_QB_KC,Patrick Mahomes,QB,KC,2.0,252.0,0.6,0.3,22.1,,,,,0.0,,,,,,,,,,,,
stroud_QB_HOU,C.J. Stroud,QB,HOU,2.1,270.0,0.4,0.1,16.3,,,,,0.3,,,,,,,,,,,,
murray_QB_MIN,Kyler Murray,QB,MIN,2.1,215.0,0.8,0.3,24.1,,,,,0.2,,,,,,,,,,,,
lawrence_QB_JAX,Trevor Lawrence,QB,JAX,2.0,236.0,0.9,0.3,20.7,,,,,0.1,,,,,,,,,,,,
shough_QB_NO,Tyler Shough,QB,NO,1.8,249.0,0.9,0.3,22.0,,,,,0.3,,,,,,,,,,,,
burrow_QB_CIN,Joe Burrow,QB,CIN,2.0,254.0,0.9,0.1,10.9,,,,,0.1,,,,,,,,,,,,
jones_QB_IND,Daniel Jones,QB,IND,1.9,253.0,0.7,0.1,9.2,,,,,0.2,,,,,,,,,,,,
brissett_QB_ARI,Jacoby Brissett,QB,ARI,1.7,243.0,0.6,0.2,16.7,,,,,0.2,,,,,,,,,,,,
young_QB_CAR,Bryce Young,QB,CAR,1.9,224.0,0.8,0.2,12.6,,,,,0.1,,,,,,,,,,,,
purdy_QB_SF,Brock Purdy,QB,SF,1.6,217.0,0.9,0.3,24.1,,,,,0.2,,,,,,,,,,,,
hurts_QB_PHI,Jalen Hurts,QB,PHI,1.5,181.0,0.4,0.4,27.4,,,,,0.2,,,,,,,,,,,,
goff_QB_DET,Jared Goff,QB,DET,1.9,247.0,0.6,0.0,3.4,,,,,0.2,,,,,,,,,,,,
love_QB_GB,Jordan Love,QB,GB,1.7,251.0,0.6,0.0,8.1,,,,,0.2,,,,,,,,,,,,
prescott_QB_DAL,Dak Prescott,QB,DAL,1.6,236.0,0.8,0.1,13.7,,,,,0.1,,,,,,,,,,,,
darnold_QB_SEA,Sam Darnold,QB,SEA,1.8,236.0,0.9,0.0,7.6,,,,,0.3,,,,,,,,,,,,
maye_QB_NE,Drake Maye,QB,NE,1.4,215.0,0.9,0.1,31.8,,,,,0.3,,,,,,,,,,,,
daniels_QB_WSH,Jayden Daniels,QB,WSH,1.4,159.0,0.4,0.2,32.0,,,,,0.1,,,,,,,,,,,,
nix_QB_DEN,Bo Nix,QB,DEN,1.4,192.0,0.6,0.2,14.8,,,,,0.1,,,,,,,,,,,,
daniels_QB_TB,Jalon Daniels,QB,TB,1.3,205.0,0.8,0.1,17.0,,,,,0.2,,,,,,,,,,,,
stafford_QB_LAR,Matthew Stafford,QB,LAR,1.5,216.0,0.7,0.0,2.2,,,,,0.1,,,,,,,,,,,,
ward_QB_TEN,Cam Ward,QB,TEN,1.3,186.0,0.5,0.2,8.8,,,,,0.2,,,,,,,,,,,,
cousins_QB_LV,Kirk Cousins,QB,LV,1.6,194.0,0.8,0.0,1.5,,,,,0.1,,,,,,,,,,,,
penix_QB_ATL,Michael Penix Jr.,QB,ATL,1.5,206.0,0.8,0.0,3.8,,,,,0.2,,,,,,,,,,,,
smith_QB_NYJ,Geno Smith,QB,NYJ,1.2,215.0,0.9,0.0,17.4,,,,,0.2,,,,,,,,,,,,
winston_QB_NYG,Jameis Winston,QB,NYG,1.4,175.0,1.0,0.1,10.1,,,,,0.1,,,,,,,,,,,,
watson_QB_CLE,Deshaun Watson,QB,CLE,1.0,186.0,1.3,0.2,28.1,,,,,0.1,,,,,,,,,,,,
herbert_QB_LAC,Justin Herbert,QB,LAC,1.1,183.0,1.0,0.1,22.6,,,,,0.1,,,,,,,,,,,,
rodgers_QB_PIT,Aaron Rodgers,QB,PIT,1.2,170.0,0.6,0.1,4.1,,,,,0.2,,,,,,,,,,,,
willis_QB_MIA,Malik Willis,QB,MIA,0.9,151.0,1.1,0.2,32.9,,,,,0.3,,,,,,,,,,,,
mariota_QB_WSH,Marcus Mariota,QB,WSH,0.5,53.1,0.1,0.0,1.8,,,,,0.0,,,,,,,,,,,,
simpson_QB_LAR,Ty Simpson,QB,LAR,0.2,24.1,0.1,0.0,1.8,,,,,0.0,,,,,,,,,,,,
mccarthy_QB_NYG,J.J. McCarthy,QB,NYG,0.2,19.4,0.1,0.0,2.0,,,,,0.0,,,,,,,,,,,,
richardson_QB_IND,Anthony Richardson,QB,IND,0.1,10.7,0.0,0.0,1.2,,,,,0.0,,,,,,,,,,,,
ewers_QB_JAX,Quinn Ewers,QB,JAX,0.1,9.6,0.0,0.0,1.3,,,,,0.0,,,,,,,,,,,,
mills_QB_HOU,Davis Mills,QB,HOU,0.1,11.0,0.0,0.0,1.1,,,,,0.0,,,,,,,,,,,,
fields_QB_KC,Justin Fields,QB,KC,0.1,10.1,0.0,0.0,1.3,,,,,0.0,,,,,,,,,,,,
lock_QB_SEA,Drew Lock,QB,SEA,0.1,9.5,0.0,0.0,1.2,,,,,0.0,,,,,,,,,,,,
taylor_QB_GB,Tyrod Taylor,QB,GB,0.1,10.2,0.0,0.0,0.9,,,,,0.0,,,,,,,,,,,,
flacco_QB_CIN,Joe Flacco,QB,CIN,0.1,10.4,0.0,0.0,0.9,,,,,0.0,,,,,,,,,,,,
jones_QB_SF,Mac Jones,QB,SF,0.1,8.8,0.0,0.0,1.1,,,,,0.0,,,,,,,,,,,,
dobbs_QB_DET,Joshua Dobbs,QB,DET,0.1,10.5,0.0,0.0,0.6,,,,,0.0,,,,,,,,,,,,
huntley_QB_BAL,Tyler Huntley,QB,BAL,0.1,9.2,0.0,0.0,1.6,,,,,0.0,,,,,,,,,,,,
williams_QB_CHI,Caleb Williams,QB,CHI,0.1,8.9,0.0,0.0,1.3,,,,,0.0,,,,,,,,,,,,
rattler_QB_NO,Spencer Rattler,QB,NO,0.1,10.0,0.0,0.0,0.9,,,,,0.0,,,,,,,,,,,,
wentz_QB_MIN,Carson Wentz,QB,MIN,0.1,8.8,0.0,0.0,1.1,,,,,0.0,,,,,,,,,,,,
rudolph_QB_PIT,Mason Rudolph,QB,PIT,0.1,7.6,0.0,0.0,1.0,,,,,0.0,,,,,,,,,,,,
pickett_QB_CAR,Kenny Pickett,QB,CAR,0.1,9.0,0.0,0.0,1.4,,,,,0.0,,,,,,,,,,,,
tagovailoa_QB_ATL,Tua Tagovailoa,QB,ATL,0.1,8.4,0.0,0.0,1.3,,,,,0.0,,,,,,,,,,,,
stidham_QB_DEN,Jarrett Stidham,QB,DEN,0.1,7.9,0.0,0.0,1.0,,,,,0.0,,,,,,,,,,,,
minshew_QB_ARI,Gardner Minshew,QB,ARI,0.1,9.9,0.0,0.0,1.2,,,,,0.0,,,,,,,,,,,,
howell_QB_DAL,Sam Howell,QB,DAL,0.1,8.6,0.0,0.0,0.7,,,,,0.0,,,,,,,,,,,,
dalton_QB_PHI,Andy Dalton,QB,PHI,0.1,7.5,0.0,0.0,1.3,,,,,0.1,,,,,,,,,,,,
trubisky_QB_TEN,Mitch Trubisky,QB,TEN,0.1,6.8,0.0,0.0,0.6,,,,,0.0,,,,,,,,,,,,
mendoza_QB_LV,Fernando Mendoza,QB,LV,0.1,5.9,0.0,0.0,0.4,,,,,0.0,,,,,,,,,,,,
devito_QB_NE,Tommy DeVito,QB,NE,0.0,8.8,0.0,0.0,1.3,,,,,0.0,,,,,,,,,,,,
bennett_QB_LAR,Stetson Bennett,QB,LAR,0.0,8.2,0.0,0.0,1.2,,,,,0.0,,,,,,,,,,,,
lance_QB_LAC,Trey Lance,QB,LAC,0.0,7.2,0.0,0.0,1.0,,,,,0.0,,,,,,,,,,,,
bagent_QB_CHI,Tyson Bagent,QB,CHI,0.0,8.9,0.0,0.0,0.3,,,,,0.0,,,,,,,,,,,,
klubnik_QB_NYJ,Cade Klubnik,QB,NYJ,0.0,6.6,0.0,0.0,0.6,,,,,0.0,,,,,,,,,,,,
mccord_QB_MIA,Kyle McCord,QB,MIA,0.0,4.5,0.0,0.0,0.4,,,,,0.0,,,,,,,,,,,,
sanders_QB_CLE,Shedeur Sanders,QB,CLE,0.0,7.6,0.1,0.0,0.9,,,,,0.0,,,,,,,,,,,,
gibbs_RB_DET,Jahmyr Gibbs,RB,DET,,,,0.9,89.3,4.4,0.4,39.5,,0.1,,,,,,,,,,,,
robinson_RB_ATL,Bijan Robinson,RB,ATL,,,,0.6,87.7,4.3,0.3,40.6,,0.1,,,,,,,,,,,,
taylor_RB_IND,Jonathan Taylor,RB,IND,,,,1.1,101.0,2.7,0.1,23.7,,0.1,,,,,,,,,,,,
henry_RB_BAL,Derrick Henry,RB,BAL,,,,1.2,93.7,1.2,0.0,11.5,,0.1,,,,,,,,,,,,
walker_RB_KC,Kenneth Walker III,RB,KC,,,,0.5,75.1,3.5,0.2,25.6,,0.1,,,,,,,,,,,,
mccaffrey_RB_SF,Christian McCaffrey,RB,SF,,,,0.5,57.6,4.2,0.2,36.7,,0.1,,,,,,,,,,,,
brown_RB_CIN,Chase Brown,RB,CIN,,,,0.6,59.1,4.3,0.2,24.6,,0.1,,,,,,,,,,,,
hubbard_RB_CAR,Chuba Hubbard,RB,CAR,,,,0.6,68.0,2.6,0.4,18.9,,0.1,,,,,,,,,,,,
jeanty_RB_LV,Ashton Jeanty,RB,LV,,,,0.4,54.8,4.0,0.4,25.4,,0.1,,,,,,,,,,,,
love_RB_ARI,Jeremiyah Love,RB,ARI,,,,0.4,71.0,3.4,0.2,24.1,,0.2,,,,,,,,,,,,
skattebo_RB_NYG,Cam Skattebo,RB,NYG,,,,0.5,64.1,2.8,0.2,24.5,,0.1,,,,,,,,,,,,
tuten_RB_JAX,Bhayshul Tuten,RB,JAX,,,,0.8,77.5,1.5,0.1,11.1,,0.1,,,,,,,,,,,,
cook_RB_BUF,James Cook III,RB,BUF,,,,0.5,90.5,1.8,0.1,13.1,,0.2,,,,,,,,,,,,
williams_RB_LAR,Kyren Williams,RB,LAR,,,,0.5,72.4,2.2,0.2,18.1,,0.2,,,,,,,,,,,,
jones_RB_MIN,Aaron Jones,RB,MIN,,,,0.5,66.9,2.9,0.1,21.0,,0.1,,,,,,,,,,,,
swift_RB_CHI,D'Andre Swift,RB,CHI,,,,0.7,62.6,2.1,0.1,20.8,,0.1,,,,,,,,,,,,
warren_RB_PIT,Jaylen Warren,RB,PIT,,,,0.4,69.2,2.7,0.1,22.2,,0.1,,,,,,,,,,,,
montgomery_RB_HOU,David Montgomery,RB,HOU,,,,0.7,57.6,1.9,0.1,15.5,,0.1,,,,,,,,,,,,
williams_RB_DAL,Javonte Williams,RB,DAL,,,,0.5,63.0,2.3,0.1,12.1,,0.1,,,,,,,,,,,,
barkley_RB_PHI,Saquon Barkley,RB,PHI,,,,0.3,75.1,2.0,0.1,14.2,,0.1,,,,,,,,,,,,
irving_RB_TB,Bucky Irving,RB,TB,,,,0.4,58.3,2.8,0.1,19.7,,0.2,,,,,,,,,,,,
stevenson_RB_NE,Rhamondre Stevenson,RB,NE,,,,0.3,48.2,2.4,0.1,21.2,,0.2,,,,,,,,,,,,
judkins_RB_CLE,Quinshon Judkins,RB,CLE,,,,0.4,47.4,2.5,0.0,17.3,,0.1,,,,,,,,,,,,
hampton_RB_LAC,Omarion Hampton,RB,LAC,,,,0.5,52.4,1.9,0.1,10.4,,0.3,,,,,,,,,,,,
croskeymerritt_RB_WSH,Jacory Croskey-Merritt,RB,WSH,,,,0.7,58.4,0.8,0.0,4.4,,0.1,,,,,,,,,,,,
henderson_RB_NE,TreVeyon Henderson,RB,NE,,,,0.4,51.1,1.6,0.1,9.7,,0.0,,,,,,,,,,,,
monangai_RB_CHI,Kyle Monangai,RB,CHI,,,,0.4,53.7,1.5,0.0,13.7,,0.1,,,,,,,,,,,,
pollard_RB_TEN,Tony Pollard,RB,TEN,,,,0.3,54.9,2.2,0.0,11.7,,0.1,,,,,,,,,,,,
price_RB_SEA,Jadarian Price,RB,SEA,,,,0.3,55.7,1.4,0.1,14.6,,0.3,,,,,,,,,,,,
allen_RB_NYJ,Braelon Allen,RB,NYJ,,,,0.4,54.0,1.5,0.0,7.7,,0.2,,,,,,,,,,,,
gainwell_RB_TB,Kenneth Gainwell,RB,TB,,,,0.2,25.7,3.2,0.1,20.2,,0.1,,,,,,,,,,,,
harvey_RB_DEN,RJ Harvey,RB,DEN,,,,0.2,14.2,3.0,0.2,20.0,,0.0,,,,,,,,,,,,
dobbins_RB_DEN,J.K. Dobbins,RB,DEN,,,,0.3,60.3,0.9,0.0,3.2,,0.1,,,,,,,,,,,,
washington_RB_LV,Mike Washington Jr.,RB,LV,,,,0.4,32.0,1.3,0.1,10.1,,0.1,,,,,,,,,,,,
kamara_RB_NO,Alvin Kamara,RB,NO,,,,0.2,31.1,2.5,0.0,14.1,,0.1,,,,,,,,,,,,
marks_RB_HOU,Woody Marks,RB,HOU,,,,0.2,28.4,1.5,0.2,10.6,,0.0,,,,,,,,,,,,
spears_RB_TEN,Tyjae Spears,RB,TEN,,,,0.2,19.7,2.7,0.0,18.7,,0.0,,,,,,,,,,,,
allgeier_RB_ARI,Tyler Allgeier,RB,ARI,,,,0.3,33.8,1.6,0.0,7.6,,0.0,,,,,,,,,,,,
white_RB_WSH,Rachaad White,RB,WSH,,,,0.2,30.5,1.5,0.1,10.9,,0.0,,,,,,,,,,,,
miller_RB_NO,Kendre Miller,RB,NO,,,,0.6,25.8,0.6,0.0,2.9,,0.0,,,,,,,,,,,,
rodriguez_RB_JAX,Chris Rodriguez Jr.,RB,JAX,,,,0.5,38.4,0.1,0.0,0.9,,0.0,,,,,,,,,,,,
lloyd_RB_GB,MarShawn Lloyd,RB,GB,,,,0.2,40.8,0.9,0.1,7.0,,0.3,,,,,,,,,,,,
davis_RB_NYJ,Isaiah Davis,RB,NYJ,,,,0.2,35.1,1.0,0.0,10.1,,0.0,,,,,,,,,,,,
dowdle_RB_PIT,Rico Dowdle,RB,PIT,,,,0.2,20.4,1.5,0.1,10.7,,0.0,,,,,,,,,,,,
wilson_RB_SEA,Emanuel Wilson,RB,SEA,,,,0.2,36.4,0.6,0.0,4.4,,0.0,,,,,,,,,,,,
sanders_RB_CLE,Raheim Sanders,RB,CLE,,,,0.1,17.0,1.8,0.0,16.0,,0.0,,,,,,,,,,,,
johnson_RB_BUF,Ty Johnson,RB,BUF,,,,0.1,12.7,1.5,0.1,17.6,,0.0,,,,,,,,,,,,
corum_RB_LAR,Blake Corum,RB,LAR,,,,0.2,39.7,0.3,0.0,1.6,,0.0,,,,,,,,,,,,
black_RB_SF,Kaelon Black,RB,SF,,,,0.2,33.0,0.6,0.0,5.9,,0.1,,,,,,,,,,,,
perine_RB_CIN,Samaje Perine,RB,CIN,,,,0.2,23.3,1.1,0.0,9.9,,0.1,,,,,,,,,,,,
hill_RB_BAL,Justice Hill,RB,BAL,,,,0.1,18.8,1.2,0.1,10.1,,0.0,,,,,,,,,,,,
donaldson_RB_NO,CJ Donaldson,RB,NO,,,,0.1,16.0,1.3,0.1,10.6,,0.1,,,,,,,,,,,,
mitchell_RB_LAC,Keaton Mitchell,RB,LAC,,,,0.1,28.2,0.7,0.1,2.9,,0.0,,,,,,,,,,,,
bigsby_RB_PHI,Tank Bigsby,RB,PHI,,,,0.3,27.5,0.3,0.0,1.7,,0.0,,,,,,,,,,,,
harris_RB_NYG,Najee Harris,RB,NYG,,,,0.2,27.3,0.5,0.0,4.2,,0.0,,,,,,,,,,,,
johnson_RB_KC,Emmett Johnson,RB,KC,,,,0.2,20.2,0.7,0.0,7.6,,0.1,,,,,,,,,,,,
johnson_RB_GB,Kaleb Johnson,RB,GB,,,,0.2,28.7,0.2,0.0,1.7,,0.0,,,,,,,,,,,,
gordon_RB_MIA,Ollie Gordon II,RB,MIA,,,,0.2,21.2,0.4,0.0,1.9,,0.0,,,,,,,,,,,,
dillon_RB_CAR,AJ Dillon,RB,CAR,,,,0.1,25.7,0.7,0.0,4.9,,0.2,,,,,,,,,,,,
wright_RB_MIA,Jaylen Wright,RB,MIA,,,,0.2,23.5,0.3,0.0,1.9,,0.1,,,,,,,,,,,,
juszczyk_RB_SF,Kyle Juszczyk,RB,SF,,,,0.0,0.1,1.6,0.1,14.9,,0.0,,,,,,,,,,,,
holani_RB_SEA,George Holani,RB,SEA,,,,0.1,14.8,0.8,0.0,7.3,,0.0,,,,,,,,,,,,
claiborne_RB_MIN,Demond Claiborne,RB,MIN,,,,0.2,13.5,0.5,0.0,4.5,,0.0,,,,,,,,,,,,
singletary_RB_NYG,Devin Singletary,RB,NYG,,,,0.1,14.7,0.5,0.1,3.8,,0.0,,,,,,,,,,,,
herman_RB_MIA,DJ Herman,RB,MIA,,,,0.0,0.0,1.3,0.0,16.2,,0.0,,,,,,,,,,,,
brooks_RB_GB,Christopher Brooks,RB,GB,,,,0.0,15.9,0.8,0.0,5.3,,0.0,,,,,,,,,,,,
dallas_RB_MIN,DeeJay Dallas,RB,MIN,,,,0.0,17.8,0.6,0.0,3.5,,0.0,,,,,,,,,,,,
saylors_RB_DET,Jacob Saylors,RB,DET,,,,0.1,10.2,0.4,0.0,4.0,,0.0,,,,,,,,,,,,
ekeler_RB_WSH,Austin Ekeler,RB,WSH,,,,0.1,9.0,0.4,0.0,4.1,,0.0,,,,,,,,,,,,
allen_RB_JAX,LeQuint Allen,RB,JAX,,,,0.0,14.0,0.6,0.0,3.3,,0.0,,,,,,,,,,,,
vaki_RB_DET,Sione Vaki,RB,DET,,,,0.0,16.1,0.2,0.0,1.9,,0.0,,,,,,,,,,,,
allen_RB_WSH,Kaytron Allen,RB,WSH,,,,0.1,9.2,0.1,0.0,1.1,,0.0,,,,,,,,,,,,
mcgowan_RB_IND,Seth McGowan,RB,IND,,,,0.1,8.5,0.2,0.0,1.4,,0.0,,,,,,,,,,,,
knight_RB_ARI,Zonovan Knight,RB,ARI,,,,0.1,7.4,0.2,0.0,1.4,,0.0,,,,,,,,,,,,
heidenreich_RB_PIT,Eli Heidenreich,RB,PIT,,,,0.1,7.0,0.1,0.0,1.2,,0.0,,,,,,,,,,,,
tucker_RB_TB,Sean Tucker,RB,TB,,,,0.1,6.6,0.1,0.0,0.3,,0.0,,,,,,,,,,,,
goodson_RB_DAL,Tyler Goodson,RB,DAL,,,,0.0,11.8,0.2,0.0,0.4,,0.0,,,,,,,,,,,,
demercado_RB_DAL,Emari Demercado,RB,DAL,,,,0.0,10.0,0.2,0.0,1.6,,0.0,,,,,,,,,,,,
shipley_RB_PHI,Will Shipley,RB,PHI,,,,0.0,6.7,0.4,0.0,2.1,,0.0,,,,,,,,,,,,
badie_RB_DEN,Tyler Badie,RB,DEN,,,,0.0,2.8,0.6,0.0,4.4,,0.0,,,,,,,,,,,,
ali_RB_BAL,Rasheen Ali,RB,BAL,,,,0.0,1.9,0.3,0.1,2.7,,0.0,,,,,,,,,,,,
johnson_RB_CHI,Roschon Johnson,RB,CHI,,,,0.1,4.8,0.1,0.0,0.9,,0.0,,,,,,,,,,,,
smith_RB_KC,Brashard Smith,RB,KC,,,,0.0,3.4,0.5,0.0,3.2,,0.0,,,,,,,,,,,,
davis_RB_BUF,Ray Davis,RB,BUF,,,,0.0,9.9,0.1,0.0,1.0,,0.0,,,,,,,,,,,,
kiner_RB_NE,Corey Kiner,RB,NE,,,,0.0,8.1,0.1,0.0,1.0,,0.0,,,,,,,,,,,,
tracy_RB_NYG,Tyrone Tracy Jr.,RB,NYG,,,,0.0,9.3,0.1,0.0,0.9,,0.0,,,,,,,,,,,,
luepke_RB_DAL,Hunter Luepke,RB,DAL,,,,0.0,4.3,0.3,0.0,3.1,,0.0,,,,,,,,,,,,
abdullah_RB_JAX,Ameer Abdullah,RB,JAX,,,,0.0,4.8,0.4,0.0,2.3,,0.0,,,,,,,,,,,,
beck_RB_NYJ,Andrew Beck,RB,NYJ,,,,0.0,0.5,0.2,0.1,2.1,,0.0,,,,,,,,,,,,
burton_RB_CLE,Michael Burton,RB,CLE,,,,0.1,0.3,0.2,0.0,1.6,,0.0,,,,,,,,,,,,
giddens_RB_IND,DJ Giddens,RB,IND,,,,0.0,8.6,0.1,0.0,0.7,,0.0,,,,,,,,,,,,
estime_RB_NO,Audric Estime,RB,NO,,,,0.0,6.6,0.2,0.0,1.5,,0.0,,,,,,,,,,,,
nwangwu_RB_NYJ,Kene Nwangwu,RB,NYJ,,,,0.0,8.2,0.0,0.0,0.3,,0.0,,,,,,,,,,,,
mclaughlin_RB_CLE,Jaleel McLaughlin,RB,CLE,,,,0.0,7.7,0.1,0.0,0.5,,0.0,,,,,,,,,,,,
vidal_RB_LAC,Kimani Vidal,RB,LAC,,,,0.0,6.8,0.1,0.0,1.0,,0.0,,,,,,,,,,,,
ingold_RB_LAC,Alec Ingold,RB,LAC,,,,0.0,0.8,0.4,0.0,3.0,,0.0,,,,,,,,,,,,
russell_RB_SEA,Brady Russell,RB,SEA,,,,0.0,0.0,0.3,0.0,4.9,,0.0,,,,,,,,,,,,
singleton_RB_TEN,Nicholas Singleton,RB,TEN,,,,0.0,5.6,0.1,0.0,1.1,,0.0,,,,,,,,,,,,
brooks_RB_HOU,British Brooks,RB,HOU,,,,0.0,6.7,0.0,0.0,0.0,,0.0,,,,,,,,,,,,
smithnjigba_WR_SEA,Jaxon Smith-Njigba,WR,SEA,,,,0.0,1.5,6.5,1.0,100.0,,0.0,,,,,,,,,,,,
olave_WR_NO,Chris Olave,WR,NO,,,,0.0,-0.0,7.4,0.6,92.8,,0.0,,,,,,,,,,,,
chase_WR_CIN,Ja'Marr Chase,WR,CIN,,,,0.0,0.7,7.3,0.7,84.7,,0.0,,,,,,,,,,,,
brown_WR_DET,Amon-Ra St. Brown,WR,DET,,,,0.0,0.2,6.9,0.8,78.5,,0.0,,,,,,,,,,,,
flowers_WR_BAL,Zay Flowers,WR,BAL,,,,0.0,4.3,5.5,0.6,87.7,,0.1,,,,,,,,,,,,
london_WR_ATL,Drake London,WR,ATL,,,,0.0,0.3,5.6,0.6,83.3,,0.0,,,,,,,,,,,,
wilson_WR_NYJ,Garrett Wilson,WR,NYJ,,,,0.0,0.1,6.2,0.6,76.7,,0.0,,,,,,,,,,,,
watson_WR_GB,Christian Watson,WR,GB,,,,0.0,0.5,5.1,0.7,77.2,,0.0,,,,,,,,,,,,
jefferson_WR_MIN,Justin Jefferson,WR,MIN,,,,0.0,0.2,5.4,0.6,75.2,,0.0,,,,,,,,,,,,
washington_WR_JAX,Parker Washington,WR,JAX,,,,0.0,0.1,4.7,0.7,74.1,,0.0,,,,,,,,,,,,
lamb_WR_DAL,CeeDee Lamb,WR,DAL,,,,0.0,1.1,5.3,0.4,77.0,,0.0,,,,,,,,,,,,
higgins_WR_CIN,Tee Higgins,WR,CIN,,,,0.0,0.0,4.7,0.6,69.3,,0.0,,,,,,,,,,,,
rice_WR_KC,Rashee Rice,WR,KC,,,,0.1,1.2,5.3,0.5,58.2,,0.0,,,,,,,,,,,,
downs_WR_IND,Josh Downs,WR,IND,,,,0.0,0.1,5.1,0.4,65.9,,0.0,,,,,,,,,,,,
adams_WR_LAR,Davante Adams,WR,LAR,,,,0.0,0.0,4.3,0.5,67.1,,0.0,,,,,,,,,,,,
collins_WR_HOU,Nico Collins,WR,HOU,,,,0.1,1.6,3.9,0.5,61.6,,0.0,,,,,,,,,,,,
pickens_WR_DAL,George Pickens,WR,DAL,,,,0.0,-0.1,5.0,0.3,69.9,,0.0,,,,,,,,,,,,
mclaurin_WR_WSH,Terry McLaurin,WR,WSH,,,,0.0,0.0,3.8,0.6,63.0,,0.0,,,,,,,,,,,,
wilson_WR_ARI,Michael Wilson,WR,ARI,,,,0.0,0.1,5.2,0.4,59.2,,0.0,,,,,,,,,,,,
mcmillan_WR_CAR,Tetairoa McMillan,WR,CAR,,,,0.0,0.0,4.6,0.4,68.7,,0.2,,,,,,,,,,,,
smith_WR_PHI,DeVonta Smith,WR,PHI,,,,0.0,0.0,4.9,0.3,59.0,,0.0,,,,,,,,,,,,
addison_WR_MIN,Jordan Addison,WR,MIN,,,,0.1,3.7,3.4,0.5,50.6,,0.0,,,,,,,,,,,,
diggs_WR_WSH,Stefon Diggs,WR,WSH,,,,0.0,0.1,4.3,0.5,50.1,,0.0,,,,,,,,,,,,
egbuka_WR_TB,Emeka Egbuka,WR,TB,,,,0.0,-0.2,4.2,0.4,56.2,,0.0,,,,,,,,,,,,
burden_WR_CHI,Luther Burden III,WR,CHI,,,,0.0,1.4,4.0,0.4,57.0,,0.1,,,,,,,,,,,,
williams_WR_DET,Jameson Williams,WR,DET,,,,0.0,2.0,3.7,0.3,57.9,,0.0,,,,,,,,,,,,
nabers_WR_NYG,Malik Nabers,WR,NYG,,,,0.0,0.1,4.5,0.3,51.7,,0.0,,,,,,,,,,,,
golden_WR_GB,Matthew Golden,WR,GB,,,,0.0,1.8,4.1,0.2,59.7,,0.0,,,,,,,,,,,,
waddle_WR_DEN,Jaylen Waddle,WR,DEN,,,,0.0,2.4,4.4,0.2,54.3,,0.0,,,,,,,,,,,,
meyers_WR_JAX,Jakobi Meyers,WR,JAX,,,,0.0,1.1,3.8,0.4,48.2,,0.0,,,,,,,,,,,,
moore_WR_BUF,DJ Moore,WR,BUF,,,,0.0,3.4,3.8,0.4,45.6,,0.0,,,,,,,,,,,,
mcconkey_WR_LAC,Ladd McConkey,WR,LAC,,,,0.0,0.0,4.3,0.3,49.5,,0.0,,,,,,,,,,,,
samuel_WR_SF,Deebo Samuel,WR,SF,,,,0.0,7.8,3.8,0.3,43.8,,0.0,,,,,,,,,,,,
metcalf_WR_PIT,DK Metcalf,WR,PIT,,,,0.1,0.5,3.5,0.3,45.1,,0.0,,,,,,,,,,,,
tucker_WR_LV,Tre Tucker,WR,LV,,,,0.0,1.9,4.2,0.2,49.6,,0.0,,,,,,,,,,,,
robinson_WR_TEN,Wan'Dale Robinson,WR,TEN,,,,0.0,0.3,4.6,0.3,40.0,,0.0,,,,,,,,,,,,
odunze_WR_CHI,Rome Odunze,WR,CHI,,,,0.0,0.2,3.3,0.3,52.2,,0.0,,,,,,,,,,,,
thomas_WR_JAX,Brian Thomas Jr.,WR,JAX,,,,0.0,1.3,3.3,0.3,50.6,,0.0,,,,,,,,,,,,
allen_WR_IND,Keenan Allen,WR,IND,,,,0.0,0.0,3.9,0.3,44.7,,0.0,,,,,,,,,,,,
nacua_WR_LAR,Puka Nacua,WR,LAR,,,,0.1,4.7,3.3,0.2,45.2,,0.0,,,,,,,,,,,,
sutton_WR_DEN,Courtland Sutton,WR,DEN,,,,0.0,0.0,3.8,0.3,43.9,,0.0,,,,,,,,,,,,
doubs_WR_NE,Romeo Doubs,WR,NE,,,,0.0,0.0,3.2,0.3,48.7,,0.0,,,,,,,,,,,,
godwin_WR_TB,Chris Godwin,WR,TB,,,,0.0,2.0,4.0,0.2,42.0,,0.0,,,,,,,,,,,,
vele_WR_NO,Devaughn Vele,WR,NO,,,,0.0,0.0,3.9,0.2,45.6,,0.0,,,,,,,,,,,,
harrison_WR_ARI,Marvin Harrison Jr.,WR,ARI,,,,0.0,0.0,3.1,0.3,46.2,,0.0,,,,,,,,,,,,
hollins_WR_NE,Mack Hollins,WR,NE,,,,0.0,0.1,3.5,0.2,47.1,,0.0,,,,,,,,,,,,
tate_WR_TEN,Carnell Tate,WR,TEN,,,,0.0,0.4,3.8,0.2,45.0,,0.1,,,,,,,,,,,,
worthy_WR_KC,Xavier Worthy,WR,KC,,,,0.1,7.2,3.2,0.2,33.4,,0.0,,,,,,,,,,,,
boston_WR_CLE,Denzel Boston,WR,CLE,,,,0.0,0.4,3.0,0.2,46.8,,0.1,,,,,,,,,,,,
evans_WR_SF,Mike Evans,WR,SF,,,,0.0,0.0,3.1,0.3,37.6,,0.0,,,,,,,,,,,,
bateman_WR_BAL,Rashod Bateman,WR,BAL,,,,0.0,0.0,2.2,0.5,33.9,,0.0,,,,,,,,,,,,
shakir_WR_BUF,Khalil Shakir,WR,BUF,,,,0.0,0.2,3.8,0.2,35.1,,0.0,,,,,,,,,,,,
hutchinson_WR_HOU,Xavier Hutchinson,WR,HOU,,,,0.0,1.1,3.1,0.2,40.8,,0.0,,,,,,,,,,,,
coker_WR_CAR,Jalen Coker,WR,CAR,,,,0.0,0.0,2.9,0.3,36.7,,0.0,,,,,,,,,,,,
watkins_WR_SF,Jordan Watkins,WR,SF,,,,0.0,0.6,2.9,0.2,42.2,,0.1,,,,,,,,,,,,
treadwell_WR_IND,Laquon Treadwell,WR,IND,,,,0.0,0.2,2.4,0.2,45.7,,0.0,,,,,,,,,,,,
lance_WR_NO,Bryce Lance,WR,NO,,,,0.0,0.5,3.2,0.2,38.6,,0.1,,,,,,,,,,,,
johnston_WR_LAC,Quentin Johnston,WR,LAC,,,,0.0,1.0,2.9,0.3,31.9,,0.0,,,,,,,,,,,,
jennings_WR_MIN,Jauan Jennings,WR,MIN,,,,0.0,0.0,2.5,0.4,29.8,,0.0,,,,,,,,,,,,
kupp_WR_SEA,Cooper Kupp,WR,SEA,,,,0.0,0.1,2.9,0.2,37.1,,0.0,,,,,,,,,,,,
pittman_WR_PIT,Michael Pittman,WR,PIT,,,,0.0,0.0,3.4,0.2,30.8,,0.0,,,,,,,,,,,,
shaheed_WR_SEA,Rashid Shaheed,WR,SEA,,,,0.0,4.8,2.4,0.2,35.2,,0.0,,,,,,,,,,,,
williams_WR_WSH,Antonio Williams,WR,WSH,,,,0.0,0.6,2.6,0.2,38.4,,0.1,,,,,,,,,,,,
washington_WR_MIA,Malik Washington,WR,MIA,,,,0.0,2.9,3.5,0.2,29.8,,0.2,,,,,,,,,,,,
mooney_WR_NYG,Darnell Mooney,WR,NYG,,,,0.0,0.9,2.5,0.2,37.2,,0.0,,,,,,,,,,,,
ayomanor_WR_TEN,Elic Ayomanor,WR,TEN,,,,0.0,0.0,2.2,0.3,33.9,,0.0,,,,,,,,,,,,
boutte_WR_HOU,Kayshon Boutte,WR,HOU,,,,0.0,0.0,2.1,0.3,33.1,,0.0,,,,,,,,,,,,
concepcion_WR_CLE,KC Concepcion,WR,CLE,,,,0.0,1.1,3.3,0.1,35.9,,0.2,,,,,,,,,,,,
douglas_WR_NE,Demario Douglas,WR,NE,,,,0.0,0.8,2.6,0.2,32.2,,0.0,,,,,,,,,,,,
wilson_WR_PIT,Roman Wilson,WR,PIT,,,,0.0,0.0,2.6,0.3,28.7,,0.1,,,,,,,,,,,,
raymond_WR_CHI,Kalif Raymond,WR,CHI,,,,0.0,0.6,2.7,0.2,29.0,,0.0,,,,,,,,,,,,
bourne_WR_ARI,Kendrick Bourne,WR,ARI,,,,0.0,0.1,2.9,0.1,33.6,,0.0,,,,,,,,,,,,
coleman_WR_BUF,Keon Coleman,WR,BUF,,,,0.0,0.1,2.5,0.2,30.1,,0.0,,,,,,,,,,,,
bryant_WR_DEN,Pat Bryant,WR,DEN,,,,0.0,2.0,2.5,0.2,27.2,,0.0,,,,,,,,,,,,
fields_WR_NYG,Malachi Fields,WR,NYG,,,,0.0,0.6,2.1,0.3,27.9,,0.0,,,,,,,,,,,,
jeudy_WR_CLE,Jerry Jeudy,WR,CLE,,,,0.0,0.2,2.6,0.1,34.7,,0.0,,,,,,,,,,,,
douglas_WR_MIA,Caleb Douglas,WR,MIA,,,,0.0,0.4,2.8,0.1,33.2,,0.1,,,,,,,,,,,,
wicks_WR_PHI,Dontayvion Wicks,WR,PHI,,,,0.0,0.3,2.4,0.2,29.3,,0.0,,,,,,,,,,,,
thornton_WR_KC,Tyquan Thornton,WR,KC,,,,0.0,0.0,1.9,0.1,37.5,,0.0,,,,,,,,,,,,
mcmillan_WR_TB,Jalen McMillan,WR,TB,,,,0.0,1.3,2.2,0.2,26.7,,0.0,,,,,,,,,,,,
lemon_WR_PHI,Makai Lemon,WR,PHI,,,,0.0,0.2,2.4,0.2,27.7,,0.1,,,,,,,,,,,,
noel_WR_HOU,Jaylin Noel,WR,HOU,,,,0.0,3.3,1.8,0.2,27.3,,0.0,,,,,,,,,,,,
teslaa_WR_DET,Isaac TeSlaa,WR,DET,,,,0.0,0.0,1.6,0.3,26.3,,0.0,,,,,,,,,,,,
cameron_WR_JAX,Josh Cameron,WR,JAX,,,,0.0,0.6,1.8,0.3,26.4,,0.1,,,,,,,,,,,,
palmer_WR_BUF,Josh Palmer,WR,BUF,,,,0.0,0.0,1.8,0.2,28.6,,0.0,,,,,,,,,,,,
harris_WR_LAC,Tre Harris,WR,LAC,,,,0.0,0.4,2.5,0.1,26.6,,0.0,,,,,,,,,,,,
walker_WR_BAL,Devontez Walker,WR,BAL,,,,0.0,0.0,1.3,0.3,25.4,,0.0,,,,,,,,,,,,
bell_WR_MIA,Chris Bell,WR,MIA,,,,0.0,0.4,2.3,0.1,29.2,,0.1,,,,,,,,,,,,
hurst_WR_TB,Ted Hurst,WR,TB,,,,0.0,0.5,1.9,0.2,25.2,,0.0,,,,,,,,,,,,
ridley_WR_TEN,Calvin Ridley,WR,TEN,,,,0.0,1.1,1.8,0.1,29.8,,0.0,,,,,,,,,,,,
walker_WR_CHI,Jahdae Walker,WR,CHI,,,,0.0,0.3,1.6,0.3,20.7,,0.0,,,,,,,,,,,,
bernard_WR_PIT,Germie Bernard,WR,PIT,,,,0.0,0.5,2.3,0.1,26.0,,0.1,,,,,,,,,,,,
legette_WR_CAR,Xavier Legette,WR,CAR,,,,0.0,0.3,1.8,0.2,22.7,,0.0,,,,,,,,,,,,
nailor_WR_LV,Jalen Nailor,WR,LV,,,,0.0,0.3,1.9,0.2,21.6,,0.0,,,,,,,,,,,,
bond_WR_CLE,Isaiah Bond,WR,CLE,,,,0.0,1.5,1.5,0.1,29.9,,0.0,,,,,,,,,,,,
mitchell_WR_NYJ,Adonai Mitchell,WR,NYJ,,,,0.0,-0.1,1.8,0.1,26.5,,0.0,,,,,,,,,,,,
cooper_WR_PHI,Darius Cooper,WR,PHI,,,,0.0,0.2,1.7,0.2,19.6,,0.0,,,,,,,,,,,,
dulin_WR_IND,Ashton Dulin,WR,IND,,,,0.0,3.3,1.1,0.1,28.5,,0.0,,,,,,,,,,,,
zaccheaus_WR_ATL,Olamide Zaccheaus,WR,ATL,,,,0.0,0.4,2.2,0.1,18.9,,0.0,,,,,,,,,,,,
slayton_WR_IND,Darius Slayton,WR,IND,,,,0.0,0.3,1.5,0.1,25.1,,0.0,,,,,,,,,,,,
mcbride_TE_ARI,Trey McBride,TE,ARI,,,,,,8.2,0.7,74.6,,0.0,,,,,,,,,,,,
bowers_TE_LV,Brock Bowers,TE,LV,,,,,,6.3,0.6,62.8,,0.0,,,,,,,,,,,,
warren_TE_IND,Tyler Warren,TE,IND,,,,,,5.0,0.7,53.9,,0.0,,,,,,,,,,,,
fannin_TE_CLE,Harold Fannin Jr.,TE,CLE,,,,,,4.5,0.5,47.0,,0.0,,,,,,,,,,,,
johnson_TE_NO,Juwan Johnson,TE,NO,,,,,,4.8,0.5,54.1,,0.2,,,,,,,,,,,,
likely_TE_NYG,Isaiah Likely,TE,NYG,,,,,,4.8,0.6,46.0,,0.1,,,,,,,,,,,,
schultz_TE_HOU,Dalton Schultz,TE,HOU,,,,,,5.2,0.3,55.5,,0.0,,,,,,,,,,,,
kelce_TE_KC,Travis Kelce,TE,KC,,,,,,4.6,0.4,52.9,,0.0,,,,,,,,,,,,
kittle_TE_SF,George Kittle,TE,SF,,,,,,4.4,0.4,53.1,,0.0,,,,,,,,,,,,
kincaid_TE_BUF,Dalton Kincaid,TE,BUF,,,,,,4.1,0.4,58.0,,0.1,,,,,,,,,,,,
laporta_TE_DET,Sam LaPorta,TE,DET,,,,,,4.3,0.3,51.5,,0.0,,,,,,,,,,,,
sadiq_TE_NYJ,Kenyon Sadiq,TE,NYJ,,,,,,3.7,0.4,50.0,,0.1,,,,,,,,,,,,
goedert_TE_PHI,Dallas Goedert,TE,PHI,,,,,,3.6,0.6,37.2,,0.0,,,,,,,,,,,,
kraft_TE_GB,Tucker Kraft,TE,GB,,,,,,3.9,0.4,46.7,,0.0,,,,,,,,,,,,
andrews_TE_BAL,Mark Andrews,TE,BAL,,,,,,3.7,0.5,35.6,,0.0,,,,,,,,,,,,
loveland_TE_CHI,Colston Loveland,TE,CHI,,,,,,3.6,0.4,43.0,,0.0,,,,,,,,,,,,
henry_TE_NE,Hunter Henry,TE,NE,,,,,,3.4,0.3,41.1,,0.0,,,,,,,,,,,,
pitts_TE_ATL,Kyle Pitts,TE,ATL,,,,,,3.5,0.3,39.0,,0.0,,,,,,,,,,,,
hockenson_TE_MIN,T.J. Hockenson,TE,MIN,,,,,,3.8,0.3,35.4,,0.0,,,,,,,,,,,,
gesicki_TE_CIN,Mike Gesicki,TE,CIN,,,,,,3.3,0.3,39.1,,0.0,,,,,,,,,,,,
strange_TE_JAX,Brenton Strange,TE,JAX,,,,,,3.3,0.3,39.4,,0.0,,,,,,,,,,,,
otton_TE_TB,Cade Otton,TE,TB,,,,,,3.9,0.2,39.1,,0.0,,,,,,,,,,,,
ferguson_TE_DAL,Jake Ferguson,TE,DAL,,,,,,3.4,0.5,28.8,,0.2,,,,,,,,,,,,
waller_TE_CAR,Darren Waller,TE,CAR,,,,,,2.7,0.5,29.0,,0.0,,,,,,,,,,,,
fant_TE_NO,Noah Fant,TE,NO,,,,,,3.1,0.4,26.8,,0.1,,,,,,,,,,,,
freiermuth_TE_PIT,Pat Freiermuth,TE,PIT,,,,,,2.9,0.3,30.1,,0.0,,,,,,,,,,,,
okonkwo_TE_WSH,Chigoziem Okonkwo,TE,WSH,,,,,,2.8,0.2,33.9,,0.0,,,,,,,,,,,,
barner_TE_SEA,AJ Barner,TE,SEA,,,,,,2.6,0.2,27.9,,0.0,,,,,,,,,,,,
ferguson_TE_LAR,Terrance Ferguson,TE,LAR,,,,,,2.1,0.3,27.8,,0.0,,,,,,,,,,,,
mayer_TE_LV,Michael Mayer,TE,LV,,,,,,3.1,0.2,23.2,,0.0,,,,,,,,,,,,
gadsden_TE_LAC,Oronde Gadsden II,TE,LAC,,,,,,2.4,0.2,28.4,,0.0,,,,,,,,,,,,
dulcich_TE_MIA,Greg Dulcich,TE,MIA,,,,,,3.0,0.1,29.6,,0.1,,,,,,,,,,,,
helm_TE_TEN,Gunnar Helm,TE,TEN,,,,,,2.9,0.2,22.5,,0.0,,,,,,,,,,,,
engram_TE_DEN,Evan Engram,TE,DEN,,,,,,3.1,0.1,25.2,,0.0,,,,,,,,,,,,
higbee_TE_LAR,Tyler Higbee,TE,LAR,,,,,,2.2,0.2,23.5,,0.1,,,,,,,,,,,,
smith_TE_GB,Jonnu Smith,TE,GB,,,,,,2.2,0.1,19.8,,0.0,,,,,,,,,,,,
parkinson_TE_LAR,Colby Parkinson,TE,LAR,,,,,,2.0,0.2,21.4,,0.0,,,,,,,,,,,,
hibner_TE_BAL,Matthew Hibner,TE,BAL,,,,,,1.6,0.3,18.9,,0.0,,,,,,,,,,,,
knox_TE_BUF,Dawson Knox,TE,BUF,,,,,,2.0,0.2,19.5,,0.0,,,,,,,,,,,,
washington_TE_PIT,Darnell Washington,TE,PIT,,,,,,2.0,0.1,23.7,,0.0,,,,,,,,,,,,
raridon_TE_NE,Eli Raridon,TE,NE,,,,,,1.7,0.2,20.5,,0.0,,,,,,,,,,,,
ertz_TE_PHI,Zach Ertz,TE,PHI,,,,,,1.8,0.2,17.3,,0.0,,,,,,,,,,,,
ruckert_TE_NYJ,Jeremy Ruckert,TE,NYJ,,,,,,2.1,0.1,17.5,,0.0,,,,,,,,,,,,
all_TE_CIN,Erick All,TE,CIN,,,,,,2.1,0.1,16.3,,0.0,,,,,,,,,,,,
taylor_TE_NYJ,Mason Taylor,TE,NYJ,,,,,,2.0,0.1,16.6,,0.0,,,,,,,,,,,,
moreau_TE_HOU,Foster Moreau,TE,HOU,,,,,,1.4,0.2,15.7,,0.0,,,,,,,,,,,,
johnson_TE_NYG,Theo Johnson,TE,NYG,,,,,,1.3,0.2,15.3,,0.0,,,,,,,,,,,,
hooper_TE_ATL,Austin Hooper,TE,ATL,,,,,,1.4,0.2,14.0,,0.0,,,,,,,,,,,,
bellinger_TE_TEN,Daniel Bellinger,TE,TEN,,,,,,1.5,0.1,17.3,,0.0,,,,,,,,,,,,
adkins_TE_DEN,Nate Adkins,TE,DEN,,,,,,1.1,0.3,8.4,,0.0,,,,,,,,,,,,
trautman_TE_DEN,Adam Trautman,TE,DEN,,,,,,1.6,0.1,15.1,,0.0,,,,,,,,,,,,
wright_TE_DET,Brock Wright,TE,DET,,,,,,1.6,0.1,14.0,,0.0,,,,,,,,,,,,
higgins_TE_ARI,Elijah Higgins,TE,ARI,,,,,,1.6,0.1,13.6,,0.0,,,,,,,,,,,,
kmet_TE_CHI,Cole Kmet,TE,CHI,,,,,,1.1,0.2,12.6,,0.0,,,,,,,,,,,,
sanders_TE_CAR,Ja'Tavion Sanders,TE,CAR,,,,,,1.5,0.1,12.4,,0.0,,,,,,,,,,,,
kolar_TE_LAC,Charlie Kolar,TE,LAC,,,,,,1.4,0.1,13.5,,0.0,,,,,,,,,,,,
tremble_TE_CAR,Tommy Tremble,TE,CAR,,,,,,1.4,0.1,13.4,,0.0,,,,,,,,,,,,
allen_TE_LAR,Davis Allen,TE,LAR,,,,,,1.4,0.1,12.9,,0.0,,,,,,,,,,,,
bates_TE_WSH,John Bates,TE,WSH,,,,,,1.3,0.1,12.6,,0.0,,,,,,,,,,,,
smythe_TE_BAL,Durham Smythe,TE,BAL,,,,,,1.3,0.1,12.7,,0.0,,,,,,,,,,,,
woerner_TE_ATL,Charlie Woerner,TE,ATL,,,,,,1.3,0.1,11.3,,0.0,,,,,,,,,,,,
boerkircher_TE_JAX,Nate Boerkircher,TE,JAX,,,,,,1.1,0.1,12.7,,0.0,,,,,,,,,,,,
heyward_RB_LV,Connor Heyward,RB,LV,,,,,,0.9,0.1,6.0,,0.0,,,,,,,,,,,,
jenkins_TE_PHI,E.J. Jenkins,TE,PHI,,,,,,1.0,0.1,9.8,,0.0,,,,,,,,,,,,
gray_TE_KC,Noah Gray,TE,KC,,,,,,1.0,0.1,9.9,,0.0,,,,,,,,,,,,
kacmarek_TE_MIA,Will Kacmarek,TE,MIA,,,,,,1.0,0.1,9.0,,0.0,,,,,,,,,,,,
evans_TE_CAR,Mitchell Evans,TE,CAR,,,,,,1.0,0.1,9.8,,0.0,,,,,,,,,,,,
rucci_TE_LAC,Hayden Rucci,TE,LAC,,,,,,1.0,0.1,8.5,,0.0,,,,,,,,,,,,
mundt_TE_PHI,Johnny Mundt,TE,PHI,,,,,,0.9,0.1,8.1,,0.0,,,,,,,,,,,,
stover_TE_HOU,Cade Stover,TE,HOU,,,,,,0.8,0.1,7.4,,0.0,,,,,,,,,,,,
endries_TE_CIN,Jack Endries,TE,CIN,,,,,,0.8,0.1,7.3,,0.0,,,,,,,,,,,,
klein_TE_HOU,Marlin Klein,TE,HOU,,,,,,0.7,0.1,8.1,,0.0,,,,,,,,,,,,
long_TE_ARI,Hunter Long,TE,ARI,,,,,,0.8,0.1,6.0,,0.0,,,,,,,,,,,,
delp_TE_NO,Oscar Delp,TE,NO,,,,,,0.7,0.1,7.1,,0.0,,,,,,,,,,,,
sample_TE_CIN,Drew Sample,TE,CIN,,,,,,0.8,0.1,5.9,,0.0,,,,,,,,,,,,
sinnott_TE_WSH,Ben Sinnott,TE,WSH,,,,,,0.6,0.1,7.1,,0.0,,,,,,,,,,,,
koziol_TE_JAX,Tanner Koziol,TE,JAX,,,,,,0.6,0.1,6.8,,0.0,,,,,,,,,,,,
klare_TE_LAR,Max Klare,TE,LAR,,,,,,0.6,0.1,6.8,,0.0,,,,,,,,,,,,
cuevas_TE_BAL,Josh Cuevas,TE,BAL,,,,,,0.6,0.1,6.9,,0.0,,,,,,,,,,,,
hawes_TE_BUF,Jackson Hawes,TE,BUF,,,,,,0.6,0.1,6.9,,0.0,,,,,,,,,,,,
roush_TE_CHI,Sam Roush,TE,CHI,,,,,,0.6,0.1,6.3,,0.0,,,,,,,,,,,,
whiteheart_TE_CLE,Blake Whiteheart,TE,CLE,,,,,,0.5,0.1,5.8,,0.0,,,,,,,,,,,,
durham_TE_TB,Payne Durham,TE,TB,,,,,,0.5,0.1,4.3,,0.0,,,,,,,,,,,,
schoonmaker_TE_DAL,Luke Schoonmaker,TE,DAL,,,,,,0.8,0.0,7.4,,0.0,,,,,,,,,,,,
manhertz_TE_NYG,Chris Manhertz,TE,NYG,,,,,,0.4,0.1,4.2,,0.0,,,,,,,,,,,,
ogletree_TE_IND,Andrew Ogletree,TE,IND,,,,,,0.4,0.1,4.4,,0.0,,,,,,,,,,,,
spannford_TE_DAL,Brevyn Spann-Ford,TE,DAL,,,,,,0.7,0.0,7.0,,0.0,,,,,,,,,,,,
wiley_TE_KC,Jared Wiley,TE,KC,,,,,,0.7,0.0,6.5,,0.0,,,,,,,,,,,,
arroyo_TE_SEA,Elijah Arroyo,TE,SEA,,,,,,0.6,0.0,6.6,,0.0,,,,,,,,,,,,
bentley_TE_DEN,Dallen Bentley,TE,DEN,,,,,,0.7,0.0,5.7,,0.0,,,,,,,,,,,,
thomas_TE_LV,Ian Thomas,TE,LV,,,,,,0.7,0.0,5.2,,0.0,,,,,,,,,,,,
fidone_TE_NYG,Thomas Fidone II,TE,NYG,,,,,,0.6,0.0,5.6,,0.0,,,,,,,,,,,,
sharp_TE_TB,Bauer Sharp,TE,TB,,,,,,0.6,0.0,5.9,,0.0,,,,,,,,,,,,
whyle_TE_GB,Josh Whyle,TE,GB,,,,,,0.6,0.0,5.9,,0.0,,,,,,,,,,,,
herbert_TE_LAC,Patrick Herbert,TE,LAC,,,,,,0.6,0.0,5.2,,0.0,,,,,,,,,,,,
granson_TE_TEN,Kylen Granson,TE,TEN,,,,,,0.6,0.0,4.9,,0.0,,,,,,,,,,,,
traore_TE_MIA,Seydou Traore,TE,MIA,,,,,,0.5,0.0,4.3,,0.0,,,,,,,,,,,,
joly_TE_MIA,Justin Joly,TE,MIA,,,,,,0.5,0.0,4.3,,0.0,,,,,,,,,,,,
woods_TE_NYJ,Jelani Woods,TE,NYJ,,,,,,0.4,0.0,4.2,,0.0,,,,,,,,,,,,
kieft_TE_TB,Ko Kieft,TE,TB,,,,,,0.4,0.0,3.5,,0.0,,,,,,,,,,,,
steelers_DST_PIT,Steelers,DST,PIT,,,,,,,,,,,,,,,,,15.7,3.9,0.0,0.9,0.2,1.4
vikings_DST_MIN,Vikings,DST,MIN,,,,,,,,,,,,,,,,,14.1,3.9,0.0,0.9,0.2,1.1
chiefs_DST_KC,Chiefs,DST,KC,,,,,,,,,,,,,,,,,20.0,3.0,0.1,0.5,0.2,0.9
ravens_DST_BAL,Ravens,DST,BAL,,,,,,,,,,,,,,,,,19.3,3.1,0.0,0.8,0.2,0.5
seahawks_DST_SEA,Seahawks,DST,SEA,,,,,,,,,,,,,,,,,16.9,4.1,0.0,0.7,0.2,1.0
packers_DST_GB,Packers,DST,GB,,,,,,,,,,,,,,,,,20.1,2.7,0.0,0.7,0.2,0.8
bears_DST_CHI,Bears,DST,CHI,,,,,,,,,,,,,,,,,19.0,3.5,0.0,0.9,0.2,0.9
bills_DST_BUF,Bills,DST,BUF,,,,,,,,,,,,,,,,,19.4,3.5,0.0,0.8,0.2,0.9
browns_DST_CLE,Browns,DST,CLE,,,,,,,,,,,,,,,,,19.8,2.6,0.1,0.5,0.1,0.7
falcons_DST_ATL,Falcons,DST,ATL,,,,,,,,,,,,,,,,,24.5,3.6,0.0,0.9,0.2,0.9
ers_DST_SF,49ers,DST,SF,,,,,,,,,,,,,,,,,20.1,1.1,0.0,0.6,0.1,0.6
lions_DST_DET,Lions,DST,DET,,,,,,,,,,,,,,,,,25.6,3.4,0.0,0.8,0.2,0.8
cardinals_DST_ARI,Cardinals,DST,ARI,,,,,,,,,,,,,,,,,23.3,2.8,0.0,0.7,0.2,1.1
eagles_DST_PHI,Eagles,DST,PHI,,,,,,,,,,,,,,,,,20.8,1.8,0.0,0.6,0.2,0.7
texans_DST_HOU,Texans,DST,HOU,,,,,,,,,,,,,,,,,22.3,2.9,0.1,0.8,0.2,0.8
rams_DST_LAR,L.A. Rams,DST,LAR,,,,,,,,,,,,,,,,,21.5,2.7,0.0,0.5,0.1,0.4
jaguars_DST_JAX,Jaguars,DST,JAX,,,,,,,,,,,,,,,,,26.2,2.3,0.0,0.8,0.2,0.9
patriots_DST_NE,Patriots,DST,NE,,,,,,,,,,,,,,,,,26.5,2.4,0.0,0.9,0.2,0.7
saints_DST_NO,Saints,DST,NO,,,,,,,,,,,,,,,,,23.4,2.4,0.0,0.8,0.2,0.8
broncos_DST_DEN,Broncos,DST,DEN,,,,,,,,,,,,,,,,,22.6,2.3,0.0,0.6,0.2,0.9
giants_DST_NYG,N.Y. Giants,DST,NYG,,,,,,,,,,,,,,,,,23.1,2.4,0.0,0.7,0.2,0.6
colts_DST_IND,Colts,DST,IND,,,,,,,,,,,,,,,,,26.5,2.1,0.0,0.7,0.2,0.6
dolphins_DST_MIA,Dolphins,DST,MIA,,,,,,,,,,,,,,,,,30.5,3.5,0.0,0.7,0.2,0.8
buccaneers_DST_TB,Buccaneers,DST,TB,,,,,,,,,,,,,,,,,22.6,2.4,0.0,0.6,0.1,0.6
bengals_DST_CIN,Bengals,DST,CIN,,,,,,,,,,,,,,,,,27.1,2.7,0.0,0.8,0.2,0.9
chargers_DST_LAC,L.A. Chargers,DST,LAC,,,,,,,,,,,,,,,,,28.1,2.6,0.0,0.8,0.2,0.9
raiders_DST_LV,Raiders,DST,LV,,,,,,,,,,,,,,,,,28.0,3.4,0.0,0.7,0.1,0.7
panthers_DST_CAR,Panthers,DST,CAR,,,,,,,,,,,,,,,,,27.5,2.8,0.1,0.6,0.2,0.6
titans_DST_TEN,Titans,DST,TEN,,,,,,,,,,,,,,,,,33.5,2.9,0.0,0.8,0.2,0.4
team_DST_WSH,Team,DST,WSH,,,,,,,,,,,,,,,,,30.8,1.9,0.0,0.6,0.2,0.6
cowboys_DST_DAL,Cowboys,DST,DAL,,,,,,,,,,,,,,,,,31.6,2.1,0.0,0.5,0.1,0.4
jets_DST_NYJ,N.Y. Jets,DST,NYJ,,,,,,,,,,,,,,,,,27.8,1.8,0.0,0.5,0.1,0.4
fairbairn_K_HOU,Ka'imi Fairbairn,K,HOU,,,,,,,,,,,0.0,0.6,0.8,0.8,0.5,3.1,,,,,,
reichard_K_MIN,Will Reichard,K,MIN,,,,,,,,,,,0.0,0.5,0.7,0.6,0.4,3.4,,,,,,
myers_K_SEA,Jason Myers,K,SEA,,,,,,,,,,,0.0,0.5,0.8,0.6,0.4,2.9,,,,,,
shrader_K_IND,Spencer Shrader,K,IND,,,,,,,,,,,0.0,0.5,0.8,0.5,0.4,2.8,,,,,,
loop_K_BAL,Tyler Loop,K,BAL,,,,,,,,,,,0.0,0.6,0.5,0.5,0.3,3.7,,,,,,
butker_K_KC,Harrison Butker,K,KC,,,,,,,,,,,0.0,0.7,0.7,0.6,0.2,2.7,,,,,,
santos_K_CHI,Cairo Santos,K,CHI,,,,,,,,,,,0.0,0.4,0.5,0.7,0.3,3.1,,,,,,
mcpherson_K_CIN,Evan McPherson,K,CIN,,,,,,,,,,,0.0,0.5,0.5,0.5,0.4,2.8,,,,,,
carlson_K_NO,Daniel Carlson,K,NO,,,,,,,,,,,0.0,0.6,0.5,0.5,0.3,2.2,,,,,,
folk_K_ATL,Nick Folk,K,ATL,,,,,,,,,,,0.0,0.4,0.5,0.6,0.3,2.5,,,,,,
ryland_K_ARI,Chad Ryland,K,ARI,,,,,,,,,,,0.0,0.4,0.5,0.6,0.2,2.5,,,,,,
bates_K_DET,Jake Bates,K,DET,,,,,,,,,,,0.0,0.3,0.6,0.4,0.2,3.0,,,,,,
aubrey_K_DAL,Brandon Aubrey,K,DAL,,,,,,,,,,,0.0,0.6,0.5,0.5,0.3,2.2,,,,,,
little_K_JAX,Cam Little,K,JAX,,,,,,,,,,,0.0,0.3,0.4,0.5,0.3,3.1,,,,,,
stevens_K_WSH,Drew Stevens,K,WSH,,,,,,,,,,,0.0,0.5,0.5,0.5,0.2,2.4,,,,,,
pineiro_K_SF,Eddy Pineiro,K,SF,,,,,,,,,,,0.0,0.4,0.5,0.5,0.3,1.9,,,,,,
fitzgerald_K_CAR,Ryan Fitzgerald,K,CAR,,,,,,,,,,,0.0,0.3,0.6,0.5,0.2,2.4,,,,,,
zvada_K_NYG,Dominic Zvada,K,NYG,,,,,,,,,,,0.0,0.5,0.5,0.4,0.2,2.4,,,,,,
mclaughlin_K_TB,Chase McLaughlin,K,TB,,,,,,,,,,,0.0,0.4,0.6,0.4,0.3,2.1,,,,,,
bass_K_BUF,Tyler Bass,K,BUF,,,,,,,,,,,0.0,0.4,0.5,0.3,0.1,2.7,,,,,,
smack_K_GB,Trey Smack,K,GB,,,,,,,,,,,0.0,0.5,0.5,0.4,0.2,2.0,,,,,,
slye_K_TEN,Joey Slye,K,TEN,,,,,,,,,,,0.0,0.4,0.5,0.4,0.3,1.9,,,,,,
gay_K_LV,Matt Gay,K,LV,,,,,,,,,,,0.0,0.4,0.4,0.5,0.2,2.2,,,,,,
sanders_K_NYJ,Jason Sanders,K,NYJ,,,,,,,,,,,0.0,0.3,0.6,0.4,0.3,1.8,,,,,,
elliott_K_PHI,Jake Elliott,K,PHI,,,,,,,,,,,0.0,0.3,0.5,0.4,0.2,2.3,,,,,,
lutz_K_DEN,Wil Lutz,K,DEN,,,,,,,,,,,0.0,0.4,0.5,0.3,0.2,2.3,,,,,,
dicker_K_LAC,Cameron Dicker,K,LAC,,,,,,,,,,,0.0,0.3,0.5,0.4,0.2,1.7,,,,,,
mevis_K_LAR,Harrison Mevis,K,LAR,,,,,,,,,,,0.0,0.3,0.4,0.5,0.1,2.3,,,,,,
boswell_K_PIT,Chris Boswell,K,PIT,,,,,,,,,,,0.0,0.3,0.4,0.4,0.3,2.0,,,,,,
borregales_K_NE,Andres Borregales,K,NE,,,,,,,,,,,0.0,0.3,0.4,0.3,0.2,2.2,,,,,,
szmyt_K_CLE,Andre Szmyt,K,CLE,,,,,,,,,,,0.0,0.3,0.5,0.3,0.2,1.7,,,,,,
patterson_K_MIA,Riley Patterson,K,MIA,,,,,,,,,,,0.0,0.3,0.5,0.4,0.1,1.4,,,,,,
